Title,Description,Author,Origin,FINAL SCORE,Date,Link
Browser AI Agent,"AI agent uses Airtop and n8n to autonomously navigate websites, clicking and typing like a human to complete tasks such as data scraping or form automation.",Nate Herk,Skool,4,2025-07-17,https://www.skool.com/ai-automation-society/new-video-i-built-the-ultimate-browser-agent-with-no-code-n8n-airtop
AI Marketing Team,"Single AI agent in n8n creates complete marketing content including images, LinkedIn posts, blog articles, and videos automatically without human intervention.",Nate Herk,Skool,4,2025-07-17,https://www.skool.com/ai-automation-society/new-video-i-built-a-marketing-team-with-one-ai-agent-and-no-code-free-n8n-template
AI SEO Content Automation,"Takes category, target audience, and specific tool requests as input ‚Üí performs deep research using prompts optimized for social signals and reviews ‚Üí generates SEO-optimized articles section by section and publishes to a CMS.",dudeson55,Reddit,4,2025-07-17,https://www.reddit.com/r/n8n/comments/1l81jzd/i_built_an_ai_automation_that_writes_seooptimized/
AI Agent Builder,"Meta-AI agent in n8n creates custom AI agent workflows from plain English instructions, automatically generating functional n8n workflows with setup guides and direct links.",Nate Herk,Skool,5,2025-07-17,https://www.skool.com/ai-automation-society/new-video-i-built-an-ai-agent-that-builds-entire-teams-of-ai-agents-in-n8n-free-template
AI Email Assistant,"AI agent in n8n automatically identifies customer support emails, accesses company policies and FAQs, and drafts contextual responses in email threads for review.",Nate Herk,Skool,4,2025-07-17,https://www.skool.com/ai-automation-society/new-video-how-i-built-an-ai-agent-to-automate-my-emails-in-n8n
AI Lead Generation Workflow,"Takes company names as input ‚Üí finds and scores leads using AI, enriches profiles, generates personalized emails ‚Üí outputs lead data to Google Sheets.",perceval_38,Reddit,4,2025-07-17,https://www.reddit.com/r/n8n/comments/1m5icja/endtoend_lead_generation_system_with_email/
AI Resume Screener,"AI system in n8n analyzes candidate resumes, evaluates strengths, weaknesses, and role fit, providing justified scores and detailed reasoning for hiring decisions.",Nate Herk,Skool,4,2025-07-17,https://www.skool.com/ai-automation-society/new-video-watch-me-build-an-ai-resume-analysis-system-with-no-code-in-n8n
Jarvis AI Assistant,"Voice-powered AI assistant built with Lovable, ElevenLabs, and n8n creates JARVIS-like interface with speech recognition, tool calling, and automated responses without coding.",Nate Herk,Skool,4,2025-07-18,https://www.skool.com/ai-automation-society/new-video-how-i-built-jarvis-with-no-code-tutorial-w-lovable-elevenlabs-n8n
N8N Workflow Directory,A public directory of 3000+ free n8n workflows sourced from public repositories.  Provides direct download access without signup.  A future planned feature is an n8n workflow generator for simple use cases.,Boby-cat,Reddit,4,2025-07-18,https://www.reddit.com/r/n8n/comments/1kuhzyw/i_built_an_n8n_workflow_directory_no_signup/
AI Marketing Agent,"Workflow uses an ElevenLabs voice agent connected to an n8n agent to automate marketing tasks. User gives voice commands ‚Üí ElevenLabs agent processes requests, forwards complex tasks to n8n ‚Üí n8n uses custom sub-workflows for newsletter creation, content repurposing (Twitter, short-form video), image generation, and deep research reporting.",dudeson55,Reddit,5,2025-07-18,https://www.reddit.com/r/n8n/comments/1mch7p6/i_built_an_ai_voice_agent_that_replaced_my_entire/
AI Viral Video Scriptwriter,"Workflow ingests scraped AI news stories, selects top stories via prompt engineering, then generates viral TikTok/Instagram video scripts with multiple hook options and shares them to Slack.",dudeson55,Reddit,5,2025-07-18,https://www.reddit.com/r/n8n/comments/1loafvx/i_built_this_ai_automation_to_write_viral/
Multi Agent Assistant,"Advanced AI personal assistant in n8n coordinates multiple specialized sub-agents instead of calling tools directly, creating a scalable agent-driven framework for complex task automation.",Nate Herk,Skool,4,2025-07-20,https://www.skool.com/ai-automation-society/ai-personal-assistant-20-this-agent-calls-other-agents-no-code-in-n8n
n8n Workflow Auditor,"Takes a JSON export of n8n workflows as input, processes it with a Python script, and outputs a PDF report detailing workflow costs, execution times, slowest nodes, and potential bottlenecks.",Sufficient_Figure778,Reddit,4,2025-07-20,https://www.reddit.com/r/n8n/comments/1k7j64f/built_a_simple_tool_to_audit_your_n8n_workflows/
AI News Scraping Pipeline,"Workflow uses RSS feeds and Firecrawl API to scrape news articles, convert them to markdown, and save them to Google Drive.",dudeson55,Reddit,4,2025-07-20,https://www.reddit.com/r/n8n/comments/1kzaysv/i_built_a_workflow_to_scrape_virtually_any_news/
YouTube Channel RAG Chatbot,"Takes a YouTube channel URL as input, processes it by adding all video transcripts to a RAG store, and outputs a chat interface allowing users to converse with the channel's content.",LargePay1357,Reddit,4,2025-07-20,https://www.reddit.com/r/n8n/comments/1ldsse5/this_system_adds_an_entire_youtube_channel_to_a/
YouTube Strategy Agent,"AI agent in n8n analyzes high-performing videos in your niche, identifies success patterns, monitors comments for video ideas, and provides weekly strategic insights for content optimization.",Nate Herk,Skool,4,2025-07-20,https://www.skool.com/ai-automation-society/new-video-i-built-a-yt-strategist-ai-agent-that-makes-me-6kmo
AI Educational Video Generator,"Takes a user-provided question as input ‚Üí generates an educational dialogue script using Anthropic AI, converts it to speech using ElevenLabs, and combines it with visuals using Json2Video ‚Üí outputs a short educational video.",SignatureSharp3215,Reddit,4,2025-07-20,https://www.reddit.com/r/n8n/comments/1lbwq0f/i_built_tiktok_brainrot_generator_includes/
Ultimate AI Team,"Centralized AI assistant in n8n manages four specialized sub-agents, each handling specific domains, creating a scalable and efficient multi-agent system for comprehensive task automation.",Nate Herk,Skool,4,2025-07-20,https://www.skool.com/ai-automation-society/new-video-i-built-the-ultimate-team-of-ai-agents-in-n8n-with-no-code-free-template
AI Appointment Booker,"AI agent in n8n automatically handles appointment booking requests while you sleep, managing scheduling, availability checks, and calendar integration for business automation.",Tiago Lemos,Skool,4,2025-07-20,https://www.skool.com/automate-with-n8n-7409/steal-this-ai-agent-that-books-appointments-in-your-sleep
AI Viral Video Clipper,Takes a YouTube video URL as input ‚Üí analyzes it using AI to identify high-virality short-form clips ‚Üí outputs shareable links for TikTok/Reels/Shorts via Slack.,dudeson55,Reddit,4,2025-07-20,https://www.reddit.com/r/n8n/comments/1m0o40i/i_built_an_ai_workflow_that_analyzes_longform/
AI Bigfoot Vlog Generator,Takes a simple idea as input ‚Üí generates a detailed script for an 8-scene Bigfoot vlog using Veo 3 ‚Üí outputs individual video clips to Google Drive.,dudeson55,Reddit,4,2025-07-20,https://www.reddit.com/r/n8n/comments/1lkbx2b/i_built_this_ai_automation_that_generates_viral/
n8n Autoscaling Docker Compose,"Simplifies n8n queue mode setup for autoscaling worker containers based on Redis queue length. Includes built-in Puppeteer and Chrome for advanced scraping directly within n8n code nodes. Auto-installs and configures with Docker, enabling high parallel throughput.",conor_is_my_name,Reddit,4,2025-07-21,https://www.reddit.com/r/n8n/comments/1kgxgo4/i_made_a_docker_compose_for_n8n_queue_mode_with/
Automated Social Media Posting,Takes news headlines or custom text input ‚Üí Researches and expands on the topic using Perplexity ‚Üí Generates engaging social media copy with an LLM ‚Üí Creates visuals using branded Canva templates ‚Üí Auto-posts to Instagram.,postigodiego,Reddit,4,2025-07-21,https://www.reddit.com/r/n8n/comments/1l6vum8/from_news_headline_to_instagram_post_in_2_minutes/
N8N News Tracker,"AI-powered workflow monitors n8n updates, new features, and workflow ideas across multiple sources, delivering curated summaries via email to keep users current with platform developments.",Tiago Lemos,Skool,4,2025-07-21,https://www.skool.com/automate-with-n8n-7409/if-you-use-n8n-you-need-to-see-this-right-now
AI Dental Booking Agent,This workflow uses ElevenLabs and n8n to create an AI-powered voice agent that handles after-hours appointment bookings for a dental practice. It takes incoming calls ‚Üí interacts with Google Calendar to check availability and book appointments ‚Üí logs details to a Google Sheet.,dudeson55,Reddit,4,2025-07-21,https://www.reddit.com/r/n8n/comments/1m37l5z/i_recreated_a_dentist_voice_agent_making_24kyr/
Personalized Hotel Rewards Email,"Workflow takes high-spending hotel guest data from Salesforce, uses Gemini AI to personalize reward email content, and sends emails via Brevo.",Charming_You_8285,Reddit,4,2025-07-21,https://www.reddit.com/r/n8n/comments/1m2fl2l/i_got_paid_for_this_simple_workflow_a_200_now_i/
Automated Short Video Generator,"Takes text input (jokes, tips, stories) ‚Üí generates short videos with background footage, captions, and AI-generated voiceover ‚Üí outputs video file.",davidgyori,Reddit,4,2025-07-21,https://www.reddit.com/r/n8n/comments/1k575uq/i_made_a_free_mcp_server_to_create_short_videos/
Google Maps Leads,"Takes search queries as input ‚Üí Scrapes Google Maps for relevant data ‚Üí Outputs structured JSON data containing location details like name, place ID, coordinates, address, rating, reviews, categories, website, phone number, and Google Maps link.",conor_is_my_name,Reddit,4,2025-07-21,https://www.reddit.com/r/n8n/comments/1kml8st/i_made_a_google_maps_scraper_designed/
AI Newsletter Generator,"Sequential AI research agents in n8n automatically research topics, compile information, and format professional newsletters with source citations without human intervention.",Nate Herk,Skool,4,2025-07-21,https://www.skool.com/ai-automation-society/new-video-steal-this-team-of-research-agents-for-newsletter-automation-in-n8n-no-code
AI Research Reporter,"AI system in n8n conducts comprehensive research on any topic, analyzes data from multiple sources, and generates detailed PDF reports with citations for $0.50 per report.",Nate Herk,Skool,4,2025-07-21,https://www.skool.com/ai-automation-society/new-video-i-built-deep-research-that-beats-perplexity-openai
AI Social Post Generator,"Takes a URL as input, uses Gemini AI to create platform-specific social media posts for X, LinkedIn, Reddit, and Threads, includes a webpage screenshot, and auto-posts to each platform.",mutonbini,Reddit,4,2025-07-21,https://www.reddit.com/r/n8n/comments/1luu4iq/i_built_an_n8n_workflow_to_convert_web_articles/
AI Newsletter Generator,Workflow scrapes online AI news stories ‚Üí processes them with AI to select top stories and generate newsletter content ‚Üí outputs formatted markdown for publishing.,dudeson55,Reddit,5,2025-07-21,https://www.reddit.com/r/n8n/comments/1l9pff8/i_built_an_ai_system_that_scrapes_stories_off_the/
AI Media Manager,"Voice AI agent in n8n runs complete media operations including daily newsletter writing, Twitter content repurposing, TikTok script creation, and video generation for business automation.",Lucas Walter,Skool,4,2025-07-21,https://www.skool.com/ai-automation-mastery-group/new-video-this-ai-agent-runs-my-100k-media-company-free-n8n-template
AI Dentist Assistant,"Voice AI agent in n8n handles dental office operations including appointment scheduling, patient inquiries, and administrative tasks, replicating a $24K/year system sold to dentists.",Lucas Walter,Skool,4,2025-07-21,https://www.skool.com/ai-automation-mastery-group/new-video-24kyear-from-this-ai-dentist-voice-agent-free-n8n-template
Content Repurposing Factory,"AI-powered system in n8n uses Apify and Claude Sonnet to automatically repurpose content across multiple platforms with customizable tone, style, and output formats for scalable content multiplication.",Lucas Walter,Skool,4,2025-07-22,https://www.skool.com/ai-automation-mastery-group/video-build-your-own-ai-content-repurposing-factory-free-n8n-template
AI Appointment Reminder,"AI voice system in n8n uses VAPI/Twilio to make personalized reminder calls, reduces no-shows to 3%, prevents duplicate calls, and logs confirmations in Google Sheets automatically.",Frank Nillard,Skool,5,2025-07-22,https://www.skool.com/neural-architects/cut-no-shows-to-3-with-an-ai-voice-reminder-system
YouTube Insights Engine,"Automated workflow in n8n combines YouTube metrics with audience data to identify viral video opportunities before they explode, using Google Sheets for data tracking and analysis.",Frank Nillard,Skool,4,2025-07-22,https://www.skool.com/neural-architects/how-i-make-viral-videos-with-my-yt-insights-engine-free-templates
AI Sales Agent,"Production-level AI voice agent in n8n calls leads after form submission, qualifies prospects using CRM data, analyzes calls with AI, and automatically schedules follow-up meetings.",Chase Hannegan,Skool,5,2025-07-22,https://www.skool.com/chase-ai-community/create-ai-voice-agents-that-actually-sell
Viral Strategy Analyzer,"AI system scrapes TikTok and Instagram videos using Apify, analyzes viral patterns with Gemini's video analysis, and generates actionable steps to recreate successful content strategies.",Chase Hannegan,Skool,4,2025-07-22,https://www.skool.com/chase-ai-community/steal-anyones-viral-video-strategy-tiktok-ig-scraper
AI Video Powerhouse,n8n workflow uses VEO3_fast model via KieAPI to automatically generate videos from Google Sheet prompts and distributes content across 9 social media channels simultaneously using Blotato.,Chase Hannegan,Skool,4,2025-07-22,https://www.skool.com/chase-ai-community/automate-ai-viral-videos-w-veo3fast-kieapi
Cold Outreach Machine,"Advanced n8n workflow uses Apollo-powered Apify for LinkedIn scraping, integrates Instantly.ai for multi-domain email campaigns with lead warming and success analytics for comprehensive outreach automation.",Chase Hannegan,Skool,5,2025-07-22,https://www.skool.com/chase-ai-community/cold-outreach-machine-30-linkedin-scraper
RAG Chat System,"Advanced RAG system in n8n handles large Excel/CSV files with SQL functionality, connects to web chat interface via webhooks, and maintains session persistence for conversational AI applications.",Chase Hannegan,Skool,5,2025-07-22,https://www.skool.com/chase-ai-community/rag
Faceless Video Factory,"Complete n8n automation generates faceless videos from idea to final product including image generation, video creation, audio synthesis, and editing with cost optimization strategies for viral content.",Chase Hannegan,Skool,4,2025-07-22,https://www.skool.com/chase-ai-community/faceless-video-generation
Apollo Lead Generator,"AI automation uses Apify to scrape Apollo lead data without account requirement, extracting work emails, personal emails, and LinkedIn URLs based on natural language descriptions into Google Sheets.",Chase Hannegan,Skool,4,2025-07-22,https://www.skool.com/chase-ai-community/apollo-lead-generation
Personal Assistant Agent,"AI personal assistant in n8n integrates Gmail, Google Calendar, and web scraping via Tavily, accessible through Telegram with voice and text interaction for executive assistance tasks.",Chase Hannegan,Skool,4,2025-07-23,https://www.skool.com/chase-ai-community/personal-assistant-ai-agent
LinkedIn Style Cloner,"n8n workflow analyzes any LinkedIn influencer's content patterns from their URL, creates writing playbooks covering hooks and structure, and generates posts mimicking their voice and style.",Chase Hannegan,Skool,4,2025-07-23,https://www.skool.com/chase-ai-community/steal-their-linkedin-content-strategy
Stock Analysis Agent,AI agent in n8n performs comprehensive stock analysis combining technical chart analysis with sentiment analysis from Tavily web scraping for informed investment decision-making.,Chase Hannegan,Skool,4,2025-07-23,https://www.skool.com/chase-ai-community/stock-analyzer-ai-agent
Custom Newsletter AI,"AI system in n8n combines RSS feeds and Tavily to filter articles based on personal interests, creating customized newsletters that deliver only relevant content automatically.",Chase Hannegan,Skool,4,2025-07-23,https://www.skool.com/chase-ai-community/custom-newsletter-ai-workflow
Multi Platform Poster,"n8n workflow uses Blotato API to simultaneously post content across 9 social media platforms, designed as modular component for integration with existing AI content systems.",Chase Hannegan,Skool,4,2025-07-23,https://www.skool.com/chase-ai-community/social-media-poster-9-platforms
AI Avatar Creator,n8n automation integrates HeyGen AI avatars to automatically generate and distribute personalized video content across multiple social media platforms daily using your AI clone.,Chase Hannegan,Skool,4,2025-07-23,https://www.skool.com/chase-ai-community/create-your-ai-clone-heygen
AI Email Assistant,"AI workflow in n8n automatically classifies incoming emails, applies custom tags based on rules, and drafts personalized responses using your writing voice and communication style.",Chase Hannegan,Skool,4,2025-07-23,https://www.skool.com/chase-ai-community/ai-email-assistant
Maps Leads Business Scraper,n8n workflow scrapes Google Maps for basic business data then enriches it with Perplexity AI to gather additional information including summaries and email addresses for lead generation.,Chase Hannegan,Skool,4,2025-07-23,https://www.skool.com/chase-ai-community/google-maps-business-scraper
Written Content AI Agent,"AI agent in n8n creates high-quality written content mimicking your writing style, handling idea generation, research, drafting, and article creation with Flux integration for accompanying images.",Chase Hannegan,Skool,4,2025-07-23,https://www.skool.com/chase-ai-community/written-content-ai-agent
GPT Airtable Design Team,"AI agent in n8n orchestrates design workflows from Airtable control panel, managing image creation and complex edits through specialized sub-workflows with automatic request processing and results delivery.",Chase Hannegan,Skool,4,2025-07-23,https://www.skool.com/chase-ai-community/gpt-airtable-design-team
RAG Voice Frontend,"Advanced RAG system integrates Eleven Labs conversational AI with web frontend, enabling natural voice conversations through standardized webhook architecture for seamless AI assistant interactions.",Chase Hannegan,Skool,5,2025-07-23,https://www.skool.com/chase-ai-community/rag-voice-frontend
AI Agent Voice Website,"AI personal assistant gains voice capabilities through ElevenLabs integration with custom web frontend using Lovable and Supabase, including database management and authentication for complete AI assistant platform.",Chase Hannegan,Skool,5,2025-07-23,https://www.skool.com/chase-ai-community/giving-our-ai-agent-a-voice-and-a-website
Podcast to TikTok Clips,AI automation in n8n converts longform podcast episodes into viral TikTok clips through automated content detection and clip generation for complete podcast-to-social transformation.,Nick Saraev,Gumroad,4,2025-07-23,https://drive.google.com/file/d/12EiSCXiQ2b9MuZO5LYKE2-4dH9mSW1P1/view?usp=share_link
Facebook Ad Remixer,n8n automation scrapes high-performing Facebook Ad Library ads and uses AI to remix successful elements into custom creatives based on user prompts for brand-specific advertising campaigns.,Nick Saraev,Gumroad,4,2025-07-23,https://drive.google.com/file/d/1ONOFJ_MJjtLCXz3JImkZ5NnLrhfg6W1c/view?usp=share_link
AI Facebook Ad Spy,"AI-powered n8n system scrapes top-performing Facebook ads, analyzes success factors, and rewrites them for high-paying clients, creating valuable ad intelligence service worth $2000+.",Nick Saraev,Gumroad,5,2025-07-23,https://drive.google.com/file/d/18M8GjOcBQHHzBgxLKpTfl992DkW4N4iO/view?usp=share_link
24/7 Personal Assistant,n8n AI agent operates continuously as personal assistant handling diverse tasks automatically without user intervention for round-the-clock productivity support.,Jono Catliff,Gumroad,4,2025-07-23,https://drive.google.com/drive/folders/1F3p-sM30ere8k3TG4Ni4XhCNzK_0wJtU?usp=share_link
AI Design Team,"n8n automation creates 24/7 AI graphic design team that automatically generates logos, brand guides, and gradient backgrounds for continuous design production.",Nick Saraev,Gumroad,4,2025-07-23,https://drive.google.com/file/d/18M8GjOcBQHHzBgxLKpTfl992DkW4N4iO/view?usp=share_link
Dynamic First Call Setup,n8n workflow automatically initiates customizable first-call scenarios for incoming webhooks with flexible assistant behavior configuration and simple structure for easy adaptation.,Semih S,Skool,4,2025-07-23,https://www.skool.com/ai-automation-vault/dynamic-first-call-setup
Master Social Scraper,"n8n workflow scrapes content from X/Twitter, LinkedIn, YouTube, and Instagram with automatic video transcription, designed for competitor analysis, content research, and AI-ready data extraction.",Nolan Harper,Skool,4,2025-07-23,https://www.skool.com/ai-automation-vault/classroom/69b7bb57?md=9cbd84cbb03b46aa945d79bf4f1cca59
AI Email Classifier,"n8n workflow automatically classifies incoming Gmail messages into 5 categories (Internal, Customer Support, Promotions, Admin/Finance, Sales) and generates appropriate AI-powered responses using specialized LLM prompts for each category.",Nolan Harper,Skool,5,2025-07-23,https://www.skool.com/ai-automation-vault/classroom/69b7bb57?md=cd5a5ed32cbd4dda828fd2cd8c32637b
Cold Email Automation,"n8n workflow finds ideal prospects, writes personalized cold emails using AI, and sends them automatically for complete end-to-end cold outreach automation without coding.",Nolan Harper,Skool,4,2025-07-23,https://www.skool.com/ai-automation-vault/classroom/69b7bb57?md=fc95cbb6156341fdb6508690124850c4
AI Proposal Generator,"n8n workflow automatically transcribes sales call recordings, extracts prospect pain points, and generates comprehensive customized proposals with pricing, scope, and upsells based on call analysis.",Nolan Harper,Skool,5,2025-07-23,https://www.skool.com/ai-automation-vault/classroom/69b7bb57?md=157ad4e2cb374a40b6985ebd9b0973a4
YouTube Comment Miner,AI automation reads YouTube comments from niche videos and transforms them into research-backed content ideas with hooks and outlines for continuous content calendar filling.,Nolan Harper,Skool,4,2025-07-23,https://www.skool.com/ai-automation-vault/classroom/69b7bb57?md=90be61bf22fb45479c8f8350ab758572
Sales Assistent,"n8n workflow creates automated AI sales assistant that captures leads, handles follow-ups, and writes custom responses continuously without human intervention for complete sales automation.",Nolan Harper,Skool,5,2025-07-23,https://www.skool.com/ai-automation-vault/classroom/69b7bb57?md=859eeb89deab4a05a77de17ee5afe5f9
AI Copywriting Team,"n8n automation creates specialized AI copywriters for cold emails, VSL scripts, and sales letters with trigger-based assistant deployment and high-converting copy generation for business use.",Nolan Harper,Skool,4,2025-07-23,https://www.skool.com/ai-automation-vault/classroom/69b7bb57?md=b70cf2961eff4f8faf437d0bf168ad3c
YouTube Growth Automation,"AI automation system helped grow YouTube channel from 515 to 7,423 subscribers in 7 days through strategic content optimization and automated growth tactics.",Nolan Harper,Skool,4,2025-07-24,https://www.skool.com/ai-automation-vault/classroom/69b7bb57?md=c0857de2eb1c474891084ee6dd75eee4
Personalized Cold Email Opener,"n8n system scrapes thousands of emails, adds them to Google Sheets, and generates highly customized personalized cold email openers for each prospect for mass personalization at scale.",Lloyd Dodgen | Building AI Automation For Agencies,Skool,4,2025-07-24,https://www.skool.com/ai-automation-vault/classroom/69b7bb57?md=9fe3c0e980d44ee0b925293c9131946b
AI Facebook Ad Agency,"n8n automation replaces Facebook ad agencies by generating dozens of ads from product images and Meta Ads Library inspiration, eliminating need for creative teams through AI-powered ad creation.",Lloyd Dodgen | Building AI Automation For Agencies,Skool,4,2025-07-24,https://www.skool.com/ai-automation-vault/classroom/69b7bb57?md=6a5c43eff0d74ba5b9639e167f115df1
ChatGPT Automation System,"n8n system integrates ChatGPT with multi-app workflow to automate call scheduling, invoice processing, and spreadsheet updates using webhook triggers, API integrations, and custom GPT generator.",Jono Catliff,Gumroad,4,2025-07-24,https://drive.google.com/file/d/1c-JvJLEAla3o28T1rk49Z14HS7fwwjor/view?usp=sharing
AI Customer Support System,"n8n automation creates comprehensive customer support system integrating Circle community posting, Airtable ticketing dashboard, and AI agent with search tools for automated ticket creation, resolution, and status tracking.",Ben AI,Circle,5,2025-07-24,https://drive.google.com/file/d/1I2UBn1MfxTPj0Jt4B8wQCvXOEJzwgkun/view?usp=sharing
LinkedIn Job Application Bot,"n8n workflow automates LinkedIn job applications through RSS job feeds, AI-powered job fit rating, tailored cover letter generation, and Google Sheets deduplication for complete application automation.",Jono Catliff,Gumroad,4,2025-07-24,https://drive.google.com/file/d/1VAIRX3D8fW7A-805LK_VceCG2kHxc0R2/view?usp=sharing
Claude MCP Content Repurposer,"n8n workflow integrates Claude MCP for content repurposing with YouTube transcription, LinkedIn post generation, dynamic image creation, and Airtable/Webflow updates for automated social media and blog content.",Ben AI,Circle,4,2025-07-24,https://drive.google.com/drive/folders/1spHLVKJjE8iLNT08Oky8fnFNhkE5DD1K?usp=share_link
Claude MCP Business Agent,"Comprehensive Claude MCP agent system integrates email, calendar, CRM, Slack, WhatsApp, and LinkedIn through n8n-based MCP server with API configurations for automated daily business task management.",Ben AI,Circle,5,2025-07-24,https://drive.google.com/drive/folders/1EpwvEo824ZW3TXY99_AQwEbgvrAwXjre?usp=sharing
Multi-Platform Sales Automation,"AI system automates sales across WhatsApp, Facebook Messenger, and Instagram DMs using multi-agent setup with CRM integration, calendar scheduling, RAG database, and MCP integration for dynamic tool selection.",Ben AI,Circle,5,2025-07-24,https://drive.google.com/drive/folders/1S_fyqX4Vmhs-f8UvaqbEGImQ2fFFG7zl?usp=share_link
Google Sheets Automation Hub,"Dynamic Google Sheets dashboard uses form triggers, conditional logic, and Apps Script to automate emails, calendar invites, and invoices with external system integration and switch-case routing.",Jono Catliff,Gumroad,4,2025-07-24,https://drive.google.com/drive/folders/1uA6tQ03PtYBktxAU4Hk1hxzeWc5z7PKz?usp=share_link
Lead Follow-up Automation,"n8n workflow captures form submissions, integrates with GoHighLevel CRM for instant outbound calls, logs data to Google Sheets, and sends Telegram notifications for maximum lead conversion automation.",Jono Catliff,Gumroad,4,2025-07-24,https://drive.google.com/file/d/1-ojHHwjobmDQd5It465u2v2CXY_lG7uc/view?usp=sharing
n8n Automation Template Hub,"A curated collection of 250+ community-contributed n8n automation templates spanning various categories like AI, productivity, social media, and more.  Provides a central repository for discovering and accessing pre-built workflows.",evoura,Reddit,4,2025-07-24,https://www.reddit.com/r/n8n/comments/1khyn91/250_free_n8n_automation_templates_the_ultimate/
Real-Time X Insights Agent,This workflow takes user queries from a Bolt frontend ‚Üí processes them via a Supabase edge function and an n8n workflow using Grok's Live Search API ‚Üí outputs real-time insights from X.,Mark Kashef,Gumroad,4,2025-07-24,https://drive.google.com/file/d/1phOwtWTazvIUMo6NBssmwj-_vupwSXiL/view?usp=drivesdk
TikTok Viral Analysis,"This workflow analyzes top-performing TikToks from specified influencers. It retrieves recent videos, sorts by views, filters for video posts, and uses Gemini to extract viral elements.",Oleg Melnikov,Youtube,4,2025-07-24,https://drive.google.com/file/d/1wtEIVdNb4pyvlqqxW0Hu0UPON47yhZ0x/view?usp=drivesdk
Make to n8n Converter,"This workflow takes Make.com blueprints (JSON) as input, processes them using GPT-3 and Perplexity AI to handle conversions and unsupported integrations, and outputs functional n8n workflow templates.",Mark Kashef,Gumroad,4,2025-07-24,https://drive.google.com/file/d/1mYKYaQzdGEKjf6uzfgcVIKZi10oxYA6j/view?usp=sharing
AI Video Analysis Automation,"Workflow automates video analysis using Google Gemini. Takes local video files or YouTube URLs as input, polls processing status, and outputs Gemini's analysis (e.g., summaries, insights).",Nate Herk,Skool,4,2025-07-24,https://drive.google.com/file/d/1-Mua06hJHTuf5KUAEA9DdeGhSMy2Rxaq/view?usp=drivesdk
Prompt Optimization Workflow,Takes inconsistent AI prompts as input ‚Üí processes and optimizes using techniques like temperature control and structured output ‚Üí outputs consistent and reliable AI responses.,MagicOps AI,Gumroad,4,2025-07-24,https://drive.google.com/file/d/10WGVKjPhhI4jlQEknZ-Wx_Ah5Bbec3r9/view?usp=drivesdk
AI Email Automation,"Workflow automates email inbox management. Takes incoming emails as input ‚Üí classifies them using OpenAI into categories (priority, support, promo, finance) ‚Üí generates drafts and sends notifications via Telegram.",Nate Herk,Skool,4,2025-07-24,https://drive.google.com/file/d/1IDr2ShxpJ6mQbv1Ypyn-uT1QH7sqqUan/view?usp=drivesdk
AI Image Generation and Merging,Takes text prompts or existing images as input ‚Üí Processes them using OpenAI's image model and/or combines images ‚Üí Outputs generated or merged images.,Jono Catliff,Gumroad,4,2025-07-24,https://drive.google.com/file/d/1nLk7Xf6AqU0RuArdESu87hNbcah7UZRT/view?usp=drivesdk
AI Marketing Automation,"Workflow scrapes Google and Instagram for data, uses LLMs to summarize content, plan posts, generate images, and updates Google Sheets/Drive via webhook.",Rory Ridgers,GitHub,4,2025-07-24,https://drive.google.com/file/d/1esph4j-3cO-oDyvBsM-wsbfk0u5xBTfv/view?usp=drivesdk
Automated Invoice Processing,"This workflow takes invoice images via Telegram ‚Üí extracts text using OCR, updates a database, uploads the image to Google Drive ‚Üí and sends a summary back to Telegram.",Nate Herk,Skool,4,2025-07-24,https://drive.google.com/file/d/1yJ66v6Jgj9MNw5FvjXcqLo91Y2HO7w5G/view?usp=drivesdk
AI Email Automation Agent,"Takes natural language prompts as input ‚Üí Processes them with GPT-4, using memory and Google Sheets contact lookup ‚Üí Outputs automated email responses via Gmail.",Rory Ridgers,GitHub,4,2025-07-24,https://drive.google.com/file/d/1ly26cSEV2pS0PIbqVIphghnGtrnliA_c/view?usp=drivesdk
AI Agent API Integration,"This workflow automates the creation of AI agents by integrating external APIs like Open Weather Map, Perplexity, and Tavi using HTTP requests, handling authentication, parameters, and error responses.",Nate Herk,Skool,4,2025-07-24,https://drive.google.com/file/d/14Pbsv4oHqWSCKFfDSjfj9ye7IdCY5PHb/view?usp=drivesdk
AI Web App Builder,"Takes user inputs (company name, industry, website URL) ‚Üí processes them using Lovable's natural language coding, OpenAI, and Dolly 3 ‚Üí outputs a custom web application and tailored social media posts.",Jono Catliff,Gumroad,4,2025-07-24,https://drive.google.com/file/d/1z_8TrHcoLj98QGOmSUP64JoegtVhKHh8/view?usp=drivesdk
AI-Powered Client Onboarding,"This workflow automates client onboarding from a form submission. It creates Google Drive folders, ClickUp projects/tasks, a dedicated Slack channel, and uses AI to extract tasks from documents, leveraging Google Drive, ClickUp, Slack, and Gmail APIs.",Nolan Harper,Skool,4,2025-07-24,https://drive.google.com/file/d/1MK9vE-QxlI2N9kHgpxLrQZu1fliG4mcW/view?usp=drivesdk
AI Voice Travel Agent,"Takes travel details via webhook ‚Üí retrieves flight, hotel, and activity data using APIs ‚Üí outputs a personalized HTML email with itinerary details.",Nate Herk,Skool,4,2025-07-24,https://drive.google.com/file/d/15soElZ8yZP2nCkdhGGYvzn_0Wc39vMVg/view?usp=drivesdk
AI Chatbot Web UI Integration,"This workflow integrates a ChatGPT-style web UI with n8n AI agents. It takes user chat input via Open WebUI, processes it using webhook triggers and header authentication, generates conversation metadata, and outputs AI responses.  It also integrates external tools like the Brave search API.",Cole Medin,GitHub,4,2025-07-24,https://drive.google.com/file/d/1Mte9aRJGON1TUssBEf0sk9cqn4EC-GaD/view?usp=drivesdk
AI-Powered Outlook Manager,"Workflow triggers on new Outlook emails ‚Üí cleans HTML content using OpenAI ‚Üí classifies emails via AI into categories (high priority, billing, promotional) ‚Üí routes emails, drafts replies, and sends Telegram notifications based on category.",Nate Herk,Skool,4,2025-07-24,https://drive.google.com/file/d/1QQUI5J3TnjdJulpRoAMZS50UHZdvDbWl/view?usp=drivesdk
AI Viral Shorts Automation,"This workflow automates the creation and publishing of faceless short-form videos. It pulls data from Google Sheets, generates content ideas using AI, creates visuals with PI API, renders videos via Runway ML, edits with CreateTomate, and publishes to YouTube using Google Cloud API.",Oleg Melnikov,Youtube,4,2025-07-24,https://drive.google.com/file/d/1XbPWRK1i_TDRLHJzQ2duFVpj_DwWp5uM/view?usp=drivesdk
AI-Powered Support Automation,"This workflow automates customer support ticket resolution by using an AI agent integrated with OpenAI, Postgres, Supabase, Airtable, Google Drive, and Google Calendar. It takes customer queries as input, processes them through the AI agent with dynamic chat memory and document retrieval, and outputs solutions like FAQs, package tracking, ticket creation, or call scheduling.",5minAI,Skool,5,2025-07-24,https://drive.google.com/file/d/1m7EiHZl87NfRHq2-y5hT4LjXwKfbnBPw/view?usp=drivesdk
AI Model RAG Benchmarking,"This workflow benchmarks GPT-4o, Claude 3.5, and Gemini Flash 2.0 for Retrieval-Augmented Generation using Nvidia financial data. It takes a query as input, retrieves relevant context from a vector database, and sends it to each model. The workflow then evaluates and grades the models' responses based on speed, query understanding, and context management, outputting a comparative performance analysis.",Nate Herk,Skool,5,2025-07-24,https://drive.google.com/file/d/1NwKcgeqxEnpDjXxQrep-qMmuFbpG_pcE/view?usp=drivesdk
No-Code MCP Deployment Guide,"This guide demonstrates setting up a self-hosted Multiple Choice Prompt (MCP) system using n8n, integrating with services like Airbnb search, Brave search, and Airtable. It covers MCP node installation, server configuration, command execution, parameter handling, and environment variables for streamlined automation.",Nate Herk,Skool,4,2025-07-24,https://drive.google.com/file/d/1bVWi32TsBw9-mrDdkFHSYQPDdC07UiaL/view?usp=drivesdk
Local AI Cloud Stack Deployment,"This workflow automates the deployment of a complete local AI stack using Docker, including LLM (Ollama), databases (Supabase, Qdrant), automation agents (n8n with Flowise), local search (SearXNG), and a user interface (Open WebUI). Input: User configuration and preferences. Process: Orchestrates Docker container setup, configures secured endpoints, firewall, and DNS. Output: Fully functional, private, local AI cloud stack.",Cole Medin,GitHub,5,2025-07-24,https://drive.google.com/file/d/1vhxXPO4cv9VTgwg0ynY6mg2QavtZmN-i/view?usp=drivesdk
Automated Facebook Ad Analyzer,"Scrapes Facebook ads, categorizes them by type (video, image, text), analyzes them using GPT-4.5 and Gemini API, and stores the results in Google Sheets.",Nick Saraev,Gumroad,4,2025-07-24,https://drive.google.com/file/d/1DRmcXJsjPeSEtIk0ggPeGqJxH_37rflc/view?usp=drivesdk
AI Viral LinkedIn Posts,"Takes post ideas from Google Sheets, uses AI (Perplexity, Anthropic, OpenAI) to generate content and images, and auto-publishes to LinkedIn, Instagram, and Twitter based on a schedule.",Oleg Melnikov,Youtube,4,2025-07-24,https://drive.google.com/file/d/1vLgJdV2a_oKiEZm96NNMlOf5NFCi8EBY/view?usp=drivesdk
AI Personal Assistant Workflow,"Telegram triggers a workflow processing voice/text commands to manage emails (Gmail), calendar (Google Calendar), CRM (Airtable), and generate YouTube video ideas using LLMs and Google Search.",Rory Ridgers,GitHub,4,2025-07-24,https://drive.google.com/file/d/16keRhQV4gs7QtNoa3A5QSt9rR8fB-dCT/view?usp=drivesdk
AI-Powered Cold Email Outreach,"Takes lead data from Google Sheets, uses OpenAI to generate personalized email subjects, icebreakers, and pitches, then drafts emails in Gmail.",Nick Saraev,Gumroad,4,2025-07-24,https://drive.google.com/file/d/1PP4skqpjpQsioYkKr0ukBPabHej21ipp/view?usp=drivesdk
Automated Hiring Process,"This workflow automates hiring by processing Indeed applications via Gmail, categorizing them using OpenAI, syncing data with Google Sheets, and scheduling interviews through cal.com.",Jono Catliff,Gumroad,4,2025-07-24,https://drive.google.com/file/d/1UFN2UT3jbOnM3wQOqLpM7YaiVYTXhvMN/view?usp=drivesdk
Web Scraper & Screenshotter,"Takes search queries as input ‚Üí scrapes websites using Firecrawl API, captures screenshots ‚Üí outputs data in various formats (Markdown, HTML, JSON, screenshots)",Nate Herk,Skool,4,2025-07-24,https://drive.google.com/file/d/19otHS7IwZ0yLcYFoIdK4SS1lDo1gOyt9/view?usp=drivesdk
AI Content Approval Workflow,"This workflow uses GPT-4.1 and Tavly search to generate social media content, then routes it through Telegram for human approval or revision requests.  Approved content is then output for publishing.",Nate Herk,Skool,4,2025-07-24,https://drive.google.com/file/d/19qCPj6s8houcSupxYAqHozslOU_nbChx/view?usp=drivesdk
AI Viral Content Analyzer,"This workflow analyzes trending Instagram Reels and other social media videos. It scrapes video data using Apify, retrieves influencer information from Airtable, and leverages Google Gemini AI to extract key elements like hooks, ideas, and scripts. The output is a detailed analysis of viral content trends.",Oleg Melnikov,Youtube,4,2025-07-24,https://drive.google.com/file/d/1ZsTtRpp2EfYkBHLVuNyUlSodav90H74J/view?usp=drivesdk
AI-Powered PPC Ad Automation,"This workflow scrapes top-performing Facebook ads, analyzes them using OpenAI, and generates new creative assets. Input: Facebook Ad Library data. Process: Scraping, AI analysis, content generation. Output: Customized ad creatives.",Nick Saraev,Gumroad,4,2025-07-24,https://drive.google.com/file/d/1vhiwbJXEV4wGaYmRjTSM3lt4s-dww4PL/view?usp=drivesdk
Agentic RAG Data Storage,"Workflow takes various data types (PDFs, tabular data) as input ‚Üí processes and embeds them using Superbase vector database and SQL queries ‚Üí outputs enhanced data representations for improved AI agent reasoning.",Nate Herk,Skool,4,2025-07-24,https://drive.google.com/file/d/1PkpZBOO7W9yeMNsDUnmB6puEljE2Zc2T/view?usp=drivesdk
AI Viral Video Generator,"Workflow automates AI video creation. Takes video ideas/keywords as input from Google Sheets, generates scripts via AI, uses FAL AI's V3 model to render videos, and outputs finished videos accessible through Google Flow.",Mahmut Kasimoglu,Skool,4,2025-07-24,https://drive.google.com/file/d/15aGQy_hGEUOEK7-aGBmkaaOFRfS52M-5/view?usp=drivesdk
AI Resume Screener,"Automates candidate evaluation: receives resumes via email (Gmail) ‚Üí extracts data, uses multiple AI models (GPT-4, Claude, Gemini, o3) for scoring/ranking ‚Üí manages results in Airtable.",Mahmut Kasimoglu,Skool,4,2025-07-24,https://drive.google.com/file/d/1Eyhm_Sg-LAY0b1q0IdHKtlA1Gj0gwYB-/view?usp=drivesdk
Local RAG AI Agent,"Ingests files (PDF, CSV, text) ‚Üí Extracts, splits, and stores data in PostgreSQL, uses local LLM (Ollama) for RAG and voice API (Cartesia) ‚Üí  Provides offline, secure document automation.",Cole Medin,GitHub,4,2025-07-24,https://drive.google.com/file/d/1MJeJlT-5AELRD2DxzLVSfmb1p8V3DfPN/view?usp=drivesdk
AI Meeting Prep Automation,"Takes Calendly booking details as input, performs AI-driven research on attendees and their companies using Perplexity API, synthesizes insights with OpenAI, generates personalized prep audio, and sends it via email.",Mark Kashef,Gumroad,4,2025-07-24,https://drive.google.com/file/d/1Eu7wPC6RBqhZGf3XGWBBsMNkTGF82TLd/view?usp=drivesdk
Google Sheets Automation Hacks,"This workflow automates Google Sheets updates using triggers and webhooks. It processes changes, appends rows, performs calculations with inline functions, integrates ChatGPT for classification and error handling, and manages API rate limits. The output is an updated and enhanced Google Sheet.",Jono Catliff,Gumroad,4,2025-07-24,https://drive.google.com/file/d/1AQurQ4t196SXSMUwXP07Kw2cTSVs9Uyc/view?usp=drivesdk
Centralized n8n Error Handler,"This workflow takes error data from any n8n workflow as input, processes it by logging details like timestamps, workflow names, and error messages, and outputs this structured log to a Google Sheet, alongside sending notifications via Slack.",Nate Herk,Skool,4,2025-07-24,https://drive.google.com/file/d/1gRHWNmrlfmSV9xHNlkl_VaHMfJzWkYfN/view?usp=drivesdk
AI Multi-Agent Workflow,"This workflow uses multiple AI agents (contact, email, calendar, web search) to automate complex tasks like scheduling, notifications, and quote retrieval. It leverages advanced LLMs (GPT 4.1, Claude 3.5) for decision-making and includes validation steps.",Nate Herk,Skool,4,2025-07-24,https://drive.google.com/file/d/14aVUAgn66QkNQJWij8MnuCo5wDJRBN2N/view?usp=drivesdk
AI Email Management,"Workflow automatically categorizes incoming Gmail emails using AI (GPT-4 mini), then performs actions like labeling, summarizing, drafting replies, forwarding, and logging data to Google Sheets.",Jono Catliff,Gumroad,4,2025-07-24,https://drive.google.com/file/d/17cqnSqLVDu8Ddl0xG7SQaUvXkIzWY3Nk/view?usp=drivesdk
AI Viral Shorts Generator,"Takes Google Sheet input (text prompt) ‚Üí generates image (Flux), video (Cling), audio (ElevenLabs), combines (Creatomate) ‚Üí posts to Instagram, TikTok, YouTube (Blotato)",Nate Herk,Skool,4,2025-07-24,https://drive.google.com/file/d/1NgmFYiPFy_BOQeDZktdv57CFDkP-W19V/view?usp=drivesdk
AI Voice Clone Agent,"This workflow takes text and audio input from Telegram, transcribes audio to text using OpenAI Whisper, and generates a cloned voice response using ElevenLabs before sending it back to the user.",Jono Catliff,Gumroad,4,2025-07-24,https://drive.google.com/file/d/18DhbiKBoaM0hjQltveLSo4k7iZXNKVun/view?usp=drivesdk
AI-Powered Document Retrieval,"Takes a user query and metadata filters as input ‚Üí Retrieves relevant chunks from a vector database, reranks them using Cohere, and applies metadata filtering ‚Üí Outputs refined, contextually relevant information.",Nate Herk,Skool,4,2025-07-24,https://drive.google.com/file/d/1Sl8ZooBy77pTlVu6exNHZC4zOTD9SMox/view?usp=drivesdk
RAG Agent Setup with Supabase,"Workflow automates setup of a Retrieval-Augmented Generation (RAG) agent. It ingests documents, recursively splits them, embeds them, and stores them in Supabase (vector database) and Postgres (chat memory) for AI-powered question answering.",Nate Herk,Skool,4,2025-07-24,https://drive.google.com/file/d/1Mne2Bimx-druSo78rga_DBO8hp5jn8fF/view?usp=drivesdk
Human-in-Loop Calendar Agent,"This workflow automates calendar scheduling by integrating Google Calendar, Airtable, and Telegram. It takes meeting requests as input, verifies contacts against Airtable, checks for conflicts in Google Calendar, and prompts a human via Telegram for confirmation before creating, updating, or deleting the event in Google Calendar.",Nate Herk,Skool,4,2025-07-24,https://drive.google.com/file/d/1BoqlUTO3FU-kg9Z8vyioIy8keSxV8PxX/view?usp=drivesdk
AI Viral Baby Video System,"Takes baby video ideas from Google Sheets, uses OpenAI for text/images, 11 Labs for audio, headro.com for video rendering, and uploads to Google Drive/YouTube.",Oleg Melnikov,Youtube,4,2025-07-24,https://drive.google.com/file/d/1HzP9aG6UNKFOrdZx4amgGiUafGt9_k6D/view?usp=drivesdk
Web Scraping Automation,"This workflow uses Crawl4AI and n8n to scrape website data. It takes a URL as input, processes it using various scraping strategies (basic extraction, LLM-driven structuring, and CSS selectors), and outputs structured data.",Mahmut Kasimoglu,Skool,4,2025-07-24,https://drive.google.com/file/d/1-IYnlP9zmC-_ThiqddCNSLu5_c38Sk-9/view?usp=drivesdk
AI Website Chat Agent,"This workflow uses OpenAI and Google Calendar to create an AI-powered chat agent for websites. It takes user input via a chat widget, processes it using an OpenAI Chat model with memory, and can schedule events via Google Calendar. The output is a functional chat agent embedded on a website.",Nick Saraev,Gumroad,4,2025-07-24,https://drive.google.com/file/d/1UHGKJDYPwdQP3DIVDmvlgWBhBpZ3-7ws/view?usp=drivesdk
AI Agent Dynamic Model Routing,"Workflow uses Slack input to dynamically select and route tasks to the most cost-effective LLM (Gemini, GPT, Claude) via OpenRouter, integrating logging with Google Sheets and Superbase for RAG.",Nate Herk,Skool,4,2025-07-24,https://drive.google.com/file/d/1dcRO0RKgiYlaaLhH4j4y9Z921f18nIob/view?usp=drivesdk
Social Media Auto-Publisher,"This workflow automates social media posting. It takes content and media details from a Google Sheet and Google Drive, then uses a social media API to publish across nine platforms: Instagram, YouTube, Facebook, Threads, LinkedIn, Twitter, TikTok, Blue Sky, and Pinterest.",Sabrina Ramonov üçÑ,Sabrina.dev,4,2025-07-24,https://drive.google.com/file/d/1mQhUpATTN2xr2euyFaZef9zgLs4bRb_I/view?usp=drivesdk
Automated Lead Nurturing,"This workflow retrieves leads from Apollo, processes and filters them using Google Sheets, then drafts personalized emails via OpenAI. Scheduled emails manage outreach.",Mahmut Kasimoglu,Skool,4,2025-07-24,https://drive.google.com/file/d/198XfXrIkvqtvd-59_oZZzO5NIbjDDLWm/view?usp=drivesdk
Human-in-the-Loop Sales Automation,"This workflow automates sales outreach by capturing leads from Airtable, generating personalized emails with AI, refining them via human feedback through Gmail, and structuring output for optimized content generation using Claude 3.5.",Nate Herk,Skool,4,2025-07-24,https://drive.google.com/file/d/1vdVhAwFq50jUyYZdc_ywduRRKn9F4BxQ/view?usp=drivesdk
Multi-Agent Workflow Automation,"This workflow uses a supervisor agent to delegate tasks to specialized sub-agents for email, contact, calendar, and context management, improving efficiency and debugging.  Input tasks are received by the supervisor, processed by sub-agents, and output as completed actions.",Mahmut Kasimoglu,Skool,4,2025-07-24,https://drive.google.com/file/d/1TMNsQPbtoBrS5rQqeIfF5q8e9q4KnNKq/view?usp=drivesdk
AI Competitor Price Tracker,"Workflow scrapes competitor product prices using HTTP requests and AI, updates a Google Sheet, visualizes data in Looker Studio, and sends Slack notifications upon price changes.",Ben AI,Circle,4,2025-07-24,https://drive.google.com/file/d/1czKiLl6jwd6dXGeChqxRIgnNBsD4KNOZ/view?usp=drivesdk
AI Stock Analysis Bot,Telegram bot receives stock ticker requests ‚Üí transcribes audio/text using OpenAI Whisper ‚Üí GPT-4 performs technical analysis & generates charts via ChartImg API ‚Üí delivers analysis/charts to user & saves for automated reporting.,5minAI,Skool,4,2025-07-24,https://drive.google.com/file/d/1lLYL4Wu1q9KtLg9SUbKOF9wI-POXs8EY/view?usp=drivesdk
AI Image Generation and Storage,This workflow uses OpenAI's image generation API to create images from text or enhance existing images. It converts the generated images into files and stores them in Google Drive.,MagicOps AI,Gumroad,4,2025-07-24,https://drive.google.com/file/d/11QXpTSmPZzfONzmjUoFV5TyK-BBmFLgU/view?usp=drivesdk
Automated Web Scraping System,"This workflow automates web scraping using Apify and n8n. It takes a website URL as input, scrapes data like phone numbers and emails, filters and aggregates the results, and outputs the structured data into a Google Sheet.",Jono Catliff,Gumroad,4,2025-07-24,https://drive.google.com/file/d/18fzu5XEWAVOszSqNoZFPBAHsCtVK2_af/view?usp=drivesdk
Parallel Processing Subworkflows,Takes a large dataset as input ‚Üí splits it into smaller chunks and processes each chunk concurrently using subworkflows ‚Üí outputs the processed data much faster.,Nate Herk,Skool,4,2025-07-24,https://drive.google.com/file/d/1Jae-I4XhiuEaxGC8Rycu8tJzmLQthZ7v/view?usp=drivesdk
Agentic RAG Workflow,"Takes various data sources (Google Drive files, SQL databases) as input ‚Üí Processes them using dynamic vector and SQL lookups with OpenAI embeddings ‚Üí Outputs comprehensive, source-cited information retrieval and data analysis results.",Cole Medin,GitHub,5,2025-07-24,https://drive.google.com/file/d/1OySSnBMwKc7TdGcqjgEAVgHfvZJe7qE5/view?usp=drivesdk
Automated LinkedIn Lead Outreach,"This workflow automates LinkedIn outreach. It takes Apollo leads as input, enriches them with AI-powered personalization using OpenAI, and sends targeted connection requests via PhantomBuster, logging data in Google Sheets.",Nick Saraev,Gumroad,4,2025-07-24,https://drive.google.com/file/d/1jqEhOGzb-S1FgXVV-yS2CARK26To-eOJ/view?usp=drivesdk
Automated Twitter Data Extraction,"This workflow automates the extraction of Twitter/X data using the Twitter API. It takes search parameters as input, processes the data through a loop with dynamic pagination, and outputs the extracted tweets (IDs, URLs, content, likes, views, dates) into a Google Sheet.",Nate Herk,Skool,4,2025-07-24,https://drive.google.com/file/d/1fPTYj0OSHGvVOP2LQTdqA6l3GSms2wib/view?usp=drivesdk
AI-Powered Cold Email Automation,"Takes lead data from Apollo and enriches it using Apify scraping. Processes this data with OpenAI's GPT-4.1 to generate personalized icebreakers for 1000+ cold emails and sends them via Instantly, managing data through Google Sheets.",Nick Saraev,Gumroad,4,2025-07-25,https://drive.google.com/file/d/1rzf2R0u4QYHBkE5u7nH29PROQgEQYYVu/view?usp=drivesdk
AI Workflow Demo,"This n8n workflow demonstrates two AI-powered automation systems: an email labeling system (Gmail, LLM classification, labeling, notifications) and a complaint ticket processing system (Google Sheets, email notifications).",Mahmut Kasimoglu,Skool,4,2025-07-24,https://drive.google.com/file/d/19GstsGXwl3vX2tSTfU1Q_z7CXis89qoz/view?usp=drivesdk
AI-Powered CV Processing,"This workflow automates CV screening by fetching resumes from Gmail, extracting text from attachments (PDFs, DOCs), and using OpenAI to match candidate data with Airtable job listings, providing a ranked candidate list based on custom criteria.",5minAI,Skool,4,2025-07-24,https://drive.google.com/file/d/1S-Su9_tQP1yFnNgldz-KAw3vMF-uIxgy/view?usp=drivesdk
AI Viral LinkedIn Post Generator,"Workflow scrapes competitor LinkedIn profiles, extracts multimedia content, and uses AI (OpenAI, Perplexity) to rewrite viral posts. Includes Telegram agent for voice-to-text post generation and Airtable integration.",Oleg Melnikov,Youtube,4,2025-07-24,https://drive.google.com/file/d/1raTYt5u6mP-yXCfDYgFQtRIGRoXzv-yG/view?usp=drivesdk
Automated Lead Nurturing,"This workflow takes new Google Form submissions as input, processes them using JavaScript and OpenAI's GPT-4 to generate personalized emails, updates lead status and tags in Google Sheets, and sends Slack notifications.",Nate Herk,Skool,4,2025-07-24,https://drive.google.com/file/d/1kcOi0TAT-MXEMgJgzIKAE3K-m9Y1eF_Q/view?usp=drivesdk
AI-Powered Meta Ad Automation,"This workflow automates meta ad campaigns from product research to performance tracking. It takes product details as input, uses AI to generate ad angles and scripts, deploys ads via the Facebook Graph API, tracks performance, and optimizes ROI. The output is a fully managed and optimized ad campaign.",Ben AI,Circle,5,2025-07-24,https://drive.google.com/file/d/1u5F-1weLTj25Ajqu114HLCZVV62iVRib/view?usp=drivesdk
AI-Powered File Chatbot,"Workflow ingests files from Google Drive and Supabase, processes and vectorizes them using YamaParse, and enables AI-powered chat interactions with file content via OpenAI.",5minAI,Skool,4,2025-07-24,https://drive.google.com/file/d/1N82U4wC0Ad11p4tx0y0mBNS3GXwf7qjI/view?usp=drivesdk
Automated Instagram Growth System,"Scrapes Instagram Reels using Apify, transcribes them with OpenAI Whisper, filters and tailors content using GPT and Perplexity AI, and manages data in Google Sheets for automated social media growth.",Nick Saraev,Gumroad,4,2025-07-24,https://drive.google.com/file/d/1oe6wc6l_f0RWB8NsTnDQmJ_Gi-kATUJ_/view?usp=drivesdk
Multi-Agent Orchestrator,"Workflow takes complex tasks as input ‚Üí breaks them down into sub-tasks handled by specialized agents (email, contacts, calendar, content) ‚Üí outputs completed task via integrated services like Gmail, Airtable, and chosen language models (GPT-4.1 mini, Flash).",Nate Herk,Skool,4,2025-07-24,https://drive.google.com/file/d/1f93z80VSghfYTTRQyR4GdV1mvrNySwF_/view?usp=drivesdk
AI Proposal Generator,Takes form data and uses OpenAI to generate customized proposals from a Google Slides template. Distributes via Gmail and enhances with Pandadoc.,Nick Saraev,Gumroad,4,2025-07-24,https://drive.google.com/file/d/1D4DpjliW6aUBsSqpXXXHvLbGw9-gg2mi/view?usp=drivesdk
Automated Workflow Tutorial,"This tutorial demonstrates building automated workflows in n8n, triggered by events like form submissions or API calls, which then perform actions such as sending personalized emails, generating content with OpenAI, and updating CRM records.",Nick Saraev,Gumroad,4,2025-07-24,https://drive.google.com/file/d/1YvEZqdub73KBP59nGoEGr6JBsrxUDunf/view?usp=drivesdk
AI-Powered Airtable Automation,"This workflow uses an AI agent to enhance Airtable functionality. It takes natural language queries as input, processes them via OpenAI to generate code for Airtable operations (data queries, math, filtering), and outputs results and Mapbox visualizations.",5minAI,Skool,4,2025-07-24,https://drive.google.com/file/d/1qnMZwUoPfLckLRLpASyJ_h30qzG6kQWi/view?usp=drivesdk
AI Social Media Automation,"This workflow takes Hacker News articles as input, uses ChatGPT to generate a video script, creates an AI avatar video with HeyGen (optionally integrating 11 Labs voice and Blotato background video), and then publishes it across multiple social media platforms (Instagram, YouTube, Facebook, Threads, LinkedIn, Twitter, TikTok).",Sabrina Ramonov üçÑ,Sabrina.dev,5,2025-07-24,https://drive.google.com/file/d/1I9Gs0h6uOkv63r59H9BdQ75wQ-TQv_F6/view?usp=drivesdk
Automated RAG Document System,"Workflow monitors Google Drive for new files, converts them to text, extracts metadata, and uploads to a Supabase vector database for AI agent retrieval.",Nate Herk,Skool,4,2025-07-24,https://drive.google.com/file/d/19s-SAwhk0A5UH1IqHglEpvy4elW60bue/view?usp=drivesdk
AI Multi-Platform Content,"Workflow takes research topics from Google Sheets, uses Tavali API for real-time news retrieval, then generates targeted content for LinkedIn, X, and blogs via specialized AI agents.",Nate Herk,Skool,4,2025-07-24,https://drive.google.com/file/d/1f8NEv0kTRgKOY8zO6IWJ-A_CISlP2v8l/view?usp=drivesdk
No-Code Web Scraping Automation,"This workflow uses Apify actors and n8n to scrape data from websites like TikTok and Google Maps. It triggers Apify actors via HTTP, waits for data retrieval, and polls for results.",Nate Herk,Skool,4,2025-07-24,https://drive.google.com/file/d/1z0-FC4tgS6wtVHZDeVLq8g2cL3ry5I-V/view?usp=drivesdk
AI Agent with Long-Term Memory,"This workflow uses n8n and Zep to build an AI agent with enhanced memory. It takes user input via Telegram, retrieves data from PostgreSQL and a Zep knowledge graph, processes this information to provide context-aware responses, and outputs interactions back to Telegram.",Nate Herk,Skool,4,2025-07-24,https://drive.google.com/file/d/1qQZS-pxGIA7fzvlXVk_gh4wsE1N2Tr04/view?usp=drivesdk
Local AI Agent with Supabase,"Workflow automates local AI agent setup using n8n, Docker, Supabase database and vector store, Ollama, and Flowise. Input: User configuration and agent parameters. Process: Orchestrates containers, configures environments, sets up Supabase. Output: Fully functional local AI agent.",Cole Medin,GitHub,4,2025-08-01,https://drive.google.com/file/d/103HVUfEsmwaQTtR6x9EE4rU38rMYNuJm/view?usp=drivesdk
LinkedIn Viral Post Leads,"This workflow scrapes comments from viral LinkedIn posts, enriches commenter data using API lookups and LLM-based intent analysis, and outputs qualified leads to Airtable for personalized outreach.",MagicOps AI,Gumroad,4,2025-08-01,https://drive.google.com/file/d/1VZ52m9sMIW_R0CMHvcRIV6fiNkY-xbO7/view?usp=drivesdk
Mistral OCR Document Processing,"Workflow uploads a document (PDF or image), extracts text using Mistral OCR via HTTP requests, and outputs structured data for further processing or AI integration.",Nate Herk,Skool,4,2025-08-01,https://drive.google.com/file/d/11pgGKEbRdZJ1UBD7F66uqvqMbHj7LpcT/view?usp=drivesdk
Automated Invoice & Expense Tracking,"Receipts uploaded via form are processed using Gemini AI for metadata extraction and stored in Google Drive.  The workflow splits files, analyzes them, updates a Google Sheet, and sends Slack notifications.",MagicOps AI,Gumroad,4,2025-08-01,https://drive.google.com/file/d/13jWdSMXa706My3tk7AMiFwtNh8O2rmQD/view?usp=drivesdk
Viral Reel Replication,"This workflow scrapes trending Instagram reels, analyzes them using Gemini, and generates insights via OpenAI on recreating key elements.  Input: Viral Reel URL. Process: Data scraping, analysis, content generation. Output: Reproduction guidelines.",5minAI,Skool,4,2025-08-01,https://drive.google.com/file/d/1UxSAvlFkHKxHK6apjPYiUYHELN71jMfd/view?usp=drivesdk
AI Faceless YouTube Automation,"Takes video ideas from Google Sheets ‚Üí Uses AI to generate script, images, audio, and captions, and merges them into a video ‚Üí Outputs a finished video ready for YouTube upload.",Jono Catliff,Gumroad,4,2025-08-01,https://drive.google.com/file/d/1wlUKsy6nLyYqjZabmSsZDmBYY2Ek1Wkb/view?usp=drivesdk
AI Product Video Generator,"Takes product photo, title, and description via form submission ‚Üí generates AI image and video using OpenRouter, OpenAI, ImageBB, and RunwayML ‚Üí delivers final video via email.",Nate Herk,Skool,4,2025-08-01,https://drive.google.com/file/d/19iC6OzTbLAhM2Flee9A8ZLozbZrLv50A/view?usp=drivesdk
TikTok Trend Analyzer,"This workflow scrapes trending TikTok videos using Apify, analyzes them with Google Gemini AI to extract key metrics (hooks, visuals, views, captions), and stores the data in Airtable for viral content strategy.",MagicOps AI,Gumroad,4,2025-08-01,https://drive.google.com/file/d/1aF60SqizqGpqkzXOcW0ibfKd9JRIZYvk/view?usp=drivesdk
Website to LLM Data,Takes a website URL as input ‚Üí Crawls and extracts data using Firecrawl and custom prompts ‚Üí Outputs LLM-ready data in JSON format.,Nate Herk,Skool,4,2025-08-01,https://drive.google.com/file/d/1oP0UeN_TKPyorPrFj5d65XV1lJr0SZVy/view?usp=drivesdk
Gemini Media Analyzer,"This workflow automates media analysis. It takes videos, images, or PDFs as input, processes them using the Gemini API via HTTP requests and dynamic JSON handling, and outputs structured data like format and topic.",MagicOps AI,Gumroad,4,2025-08-01,https://drive.google.com/file/d/1MOupUtZyl5lBWU9He7zYa0cu1ueoZIsg/view?usp=drivesdk
AI Video Analysis Workflow,"This workflow automates video analysis by uploading videos from Google Drive, sending them to Gemini AI for emotional and facial analysis via the Jimini API, and storing the AI's ratings and comments in Airtable.",5minAI,Skool,4,2025-08-01,https://drive.google.com/file/d/1tXohYR_KKzpcakFWPMX_hOVerknXJ15S/view?usp=drivesdk
Vector Database Optimization,"Workflow automates vector database operations, including data insertion into Pinecone, metadata handling, and implementing text splitting techniques (recursive, token, and character) for optimized Retrieval-Augmented Generation (RAG) embeddings.",Nate Herk,Skool,4,2025-08-01,https://drive.google.com/file/d/1vX8n7kVAyZ-GrAuXyvJ5I-GonATGKqXT/view?usp=drivesdk
AI Clone Video Automation,"This workflow automates the creation of personalized AI clone videos. It takes scripted text as input, uses HeyGen's API to generate videos with chosen avatars and voices, and outputs the finished video link after automated status checks and error handling.",Nate Herk,Skool,4,2025-08-01,https://drive.google.com/file/d/1JzQD5r7r-ks5wfVkdtH_DWBkjqQWhC4e/view?usp=drivesdk
Automated No-Show Reduction,"This workflow takes meeting details as input, enriches them with web and LinkedIn data via scraping and AI summarization, and automates SMS reminders, email approvals, and CRM updates to minimize no-shows. It outputs updated CRM records and notification statuses.",Rory Ridgers,GitHub,4,2025-08-01,https://drive.google.com/file/d/1NY8o7vcX6ui78b07VLxUbgixQ-2C7qcU/view?usp=drivesdk
DeepSeek R1 Agent Workflow,"This workflow uses DeepSeek R1 as a planning agent to interpret user commands and generate detailed execution steps. It then employs a tools agent to perform actions like sending emails or creating calendar events via APIs, offering a direct integration with DeepSeek without relying on OpenRouter.",Nate Herk,Skool,4,2025-08-01,https://drive.google.com/file/d/1hg1xXMaqf5At7F3qPOp2D9qmkKEv2QKd/view?usp=drivesdk
AI Cold Call Automation,"Takes company names as input ‚Üí finds decision-makers and phone numbers using Ghost Genius API, generates personalized call scripts with OpenAI ‚Üí outputs contact details and scripts to Google Sheets.",perceval_38,Reddit,4,2025-08-15,https://www.reddit.com/r/n8n/comments/1mp7vhg/aipowered_cold_call_machine_free_template/
AI Hotel Concierge Chatbot,"Workflow scrapes hotel website data, builds a knowledge base, and uses an AI agent to answer customer questions via WhatsApp.",dudeson55,Reddit,4,2025-08-17,https://www.reddit.com/r/n8n/comments/1mr2vyq/i_built_a_whatsapp_chatbot_and_ai_agent_for/
Database Chatbot,Takes natural language questions as input ‚Üí translates to SQL queries ‚Üí executes on Postgres database ‚Üí returns results in user-friendly format.,Weak_Birthday2735,Reddit,4,2025-08-17,https://www.reddit.com/r/n8n/comments/1mhc3ev/i_generated_a_workflow_to_chat_with_your_database/
AI Agent Army,"Workflow takes natural language commands via Telegram, processes them using multiple specialized AI agents within n8n to perform tasks like email management, scheduling, finance tracking, travel planning, research, and content creation, then outputs results back to Telegram.",LargePay1357,Reddit,5,2025-08-20,https://www.reddit.com/r/n8n/comments/1mugdof/i_built_an_ai_agent_army_in_n8n_that_completely/
Personalized News Digest,"Workflow gathers news from multiple RSS feeds, filters by user-specified keywords, enriches content with relevant cybersecurity information and exploits, and delivers a formatted summary via email.",ekaa_,Reddit,4,2025-08-28,https://www.reddit.com/r/n8n/comments/1myud73/this_has_been_my_most_useful_workflow_yet_heres/
AI-Powered Workflow Builder,"Takes a user prompt as input ‚Üí builds an n8n workflow using AI ‚Üí outputs a functional workflow that monitors Reddit for mentions, performs sentiment analysis, and sends alerts to Slack.",Weak_Birthday2735,Reddit,4,2025-08-29,https://www.reddit.com/r/n8n/comments/1mypmxl/how_i_vibebuild_n8n_workflows_with_our_cursor_for/
AI Workflow Generator,Takes natural language instructions as input ‚Üí generates n8n workflows ‚Üí outputs functional workflows on the n8n canvas.  Includes error identification and explanation.,mrcsvlk,Reddit,5,2025-08-31,https://www.reddit.com/r/n8n/comments/1n2dsup/n8n_workflow_generator/
AI UGC Ad Generator,"Takes product details and marketing copy as input, uses Google Veo 3 to generate short video ads, and outputs the finished video files.",LargePay1357,Reddit,4,2025-09-01,https://www.reddit.com/r/n8n/comments/1n36rea/nano_banana_veo3fast_ai_ugc_ads_for_less_than_1/
Automated Twitter Reply Bot,"Workflow monitors Twitter for specific keywords or community posts, uses AI to generate relevant replies, filters low-quality content, and automatically posts responses while preventing duplicates.  It takes keywords, community IDs, and API keys as input, processes tweets through scraping, AI generation, and filtering, and outputs posted replies and Telegram notifications.",max1302,Reddit,4,2025-09-13,https://www.reddit.com/r/n8n/comments/1ne4iqy/never_stop_posting_on_x_source_code_included/
AI Virtual Try-On Integration,"Takes customer photos and clothing items as input, processes them using AI to generate virtual try-on images, and outputs the personalized visualization to the e-commerce store.",Odd-Pension-5078,Reddit,4,2025-09-14,https://www.reddit.com/r/n8n/comments/1myo42e/this_n8n_workflow_made_me_close_multiple_clients/
AI Telegram Productivity Assistant,"Takes natural language commands via Telegram voice or text input ‚Üí processes them using AI to manage emails, calendar, tasks, and expenses ‚Üí returns results to Telegram chat.",jiteshdugar,Reddit,4,2025-09-15,https://www.reddit.com/r/n8n/comments/1nf7z8b/built_a_telegram_ai_assistant_voicesupported_that/
AI Competitor Ad Cloning,"Workflow scrapes competitor Facebook/IG ads using Apify, rewrites them with Gemini to feature user's product, and generates new ad creatives with Nano Banana. Input: Competitor Ad Library URL and user's product image. Output: New ad creatives uploaded to Google Drive.",dudeson55,Reddit,4,2025-09-15,https://www.reddit.com/r/n8n/comments/1nbtaj4/i_built_a_facebook_ig_ad_cloning_system_that/
Automated Lead Gen System,"Workflow scrapes lawyer directory websites, extracts attorney profiles, qualifies leads based on criteria, and drafts personalized cold emails, saving all data to a Google Sheet.",dudeson55,Reddit,4,2025-09-20,https://www.reddit.com/r/n8n/comments/1nl62gp/how_i_built_sold_my_first_1800_ai_automation_to_a/
