Title,Description,Date,Link,Setup Support,FINAL SCORE,Origin,Author
Browser AI Agent,"AI agent uses Airtop and n8n to autonomously navigate websites, clicking and typing like a human to complete tasks such as data scraping or form automation.",2025/07/17,https://www.skool.com/ai-automation-society/new-video-i-built-the-ultimate-browser-agent-with-no-code-n8n-airtop,,4,Skool,Nate Herk
AI Marketing Team,"Single AI agent in n8n creates complete marketing content including images, LinkedIn posts, blog articles, and videos automatically without human intervention.",2025/07/17,https://www.skool.com/ai-automation-society/new-video-i-built-a-marketing-team-with-one-ai-agent-and-no-code-free-n8n-template,,4,Skool,Nate Herk
AI SEO Content Automation,"Takes category, target audience, and specific tool requests as input → performs deep research using prompts optimized for social signals and reviews → generates SEO-optimized articles section by section and publishes to a CMS.",2025/07/17,https://www.reddit.com/r/n8n/comments/1l81jzd/i_built_an_ai_automation_that_writes_seooptimized/,,4,Reddit,dudeson55
AI Agent Builder,"Meta-AI agent in n8n creates custom AI agent workflows from plain English instructions, automatically generating functional n8n workflows with setup guides and direct links.",2025/07/17,https://www.skool.com/ai-automation-society/new-video-i-built-an-ai-agent-that-builds-entire-teams-of-ai-agents-in-n8n-free-template,,5,Skool,Nate Herk
AI Email Assistant,"AI agent in n8n automatically identifies customer support emails, accesses company policies and FAQs, and drafts contextual responses in email threads for review.",2025/07/17,https://www.skool.com/ai-automation-society/new-video-how-i-built-an-ai-agent-to-automate-my-emails-in-n8n,,4,Skool,Nate Herk
AI Lead Generation Workflow,"Takes company names as input → finds and scores leads using AI, enriches profiles, generates personalized emails → outputs lead data to Google Sheets.",2025/07/17,https://www.reddit.com/r/n8n/comments/1m5icja/endtoend_lead_generation_system_with_email/,,4,Reddit,perceval_38
AI Resume Screener,"AI system in n8n analyzes candidate resumes, evaluates strengths, weaknesses, and role fit, providing justified scores and detailed reasoning for hiring decisions.",2025/07/17,https://www.skool.com/ai-automation-society/new-video-watch-me-build-an-ai-resume-analysis-system-with-no-code-in-n8n,,4,Skool,Nate Herk
Jarvis AI Assistant,"Voice-powered AI assistant built with Lovable, ElevenLabs, and n8n creates JARVIS-like interface with speech recognition, tool calling, and automated responses without coding.",2025/07/18,https://www.skool.com/ai-automation-society/new-video-how-i-built-jarvis-with-no-code-tutorial-w-lovable-elevenlabs-n8n,,4,Skool,Nate Herk
N8N Workflow Directory,A public directory of 3000+ free n8n workflows sourced from public repositories.  Provides direct download access without signup.  A future planned feature is an n8n workflow generator for simple use cases.,2025/07/18,https://www.reddit.com/r/n8n/comments/1kuhzyw/i_built_an_n8n_workflow_directory_no_signup/,,4,Reddit,Boby-cat
AI Content Generator,"Automated system uses n8n and Google Veo 3 to generate niche ASMR videos and automatically posts them across YouTube, Instagram, and TikTok platforms.",2025/07/18,https://www.skool.com/ai-automation-society/new-video-this-ai-system-posts-viral-asmr-shorts-hourly-free-template,,3,Skool,Nate Herk
Automated Shorts Creator,"AI system in n8n generates viral short-form videos with AI images, automatically renders content, and posts across YouTube, Instagram, and TikTok for under $1 per video.",2025/07/18,https://www.skool.com/ai-automation-society/new-video-i-built-a-viral-shorts-machine-for-075-using-ai,,3,Skool,Nate Herk
AI Marketing Agent,"Workflow uses an ElevenLabs voice agent connected to an n8n agent to automate marketing tasks. User gives voice commands → ElevenLabs agent processes requests, forwards complex tasks to n8n → n8n uses custom sub-workflows for newsletter creation, content repurposing (Twitter, short-form video), image generation, and deep research reporting.",2025/07/18,https://www.reddit.com/r/n8n/comments/1mch7p6/i_built_an_ai_voice_agent_that_replaced_my_entire/,,5,Reddit,dudeson55
AI Viral Video Scriptwriter,"Workflow ingests scraped AI news stories, selects top stories via prompt engineering, then generates viral TikTok/Instagram video scripts with multiple hook options and shares them to Slack.",2025/07/18,https://www.reddit.com/r/n8n/comments/1loafvx/i_built_this_ai_automation_to_write_viral/,,5,Reddit,dudeson55
Faceless Shorts Automation,"n8n workflow automatically converts ideas into AI-generated images, creates engaging videos with sound effects, producing complete faceless short-form content without manual input.",2025/07/18,https://www.skool.com/ai-automation-society/new-video-how-i-automated-faceless-shorts-with-ai-in-n8n-free-template,,3,Skool,Nate Herk
Multi Agent Assistant,"Advanced AI personal assistant in n8n coordinates multiple specialized sub-agents instead of calling tools directly, creating a scalable agent-driven framework for complex task automation.",2025/07/20,https://www.skool.com/ai-automation-society/ai-personal-assistant-20-this-agent-calls-other-agents-no-code-in-n8n,,4,Skool,Nate Herk
n8n Workflow Auditor,"Takes a JSON export of n8n workflows as input, processes it with a Python script, and outputs a PDF report detailing workflow costs, execution times, slowest nodes, and potential bottlenecks.",2025/07/20,https://www.reddit.com/r/n8n/comments/1k7j64f/built_a_simple_tool_to_audit_your_n8n_workflows/,,4,Reddit,Sufficient_Figure778
AI News Scraping Pipeline,"Workflow uses RSS feeds and Firecrawl API to scrape news articles, convert them to markdown, and save them to Google Drive.",2025/07/20,https://www.reddit.com/r/n8n/comments/1kzaysv/i_built_a_workflow_to_scrape_virtually_any_news/,,4,Reddit,dudeson55
YouTube Channel RAG Chatbot,"Takes a YouTube channel URL as input, processes it by adding all video transcripts to a RAG store, and outputs a chat interface allowing users to converse with the channel's content.",2025/07/20,https://www.reddit.com/r/n8n/comments/1ldsse5/this_system_adds_an_entire_youtube_channel_to_a/,,4,Reddit,LargePay1357
AI Image Generator,"n8n workflow uses OpenAI's image API to automatically generate marketing visuals, eliminating manual design work and saving hours of creative production time weekly.",2025/07/20,https://www.skool.com/ai-automation-society/new-video-openais-image-api-just-changed-the-game-save-10-hoursweek,,3,Skool,Nate Herk
YouTube Strategy Agent,"AI agent in n8n analyzes high-performing videos in your niche, identifies success patterns, monitors comments for video ideas, and provides weekly strategic insights for content optimization.",2025/07/20,https://www.skool.com/ai-automation-society/new-video-i-built-a-yt-strategist-ai-agent-that-makes-me-6kmo,,4,Skool,Nate Herk
Email Scraping Automation,"Automated workflow scrapes unlimited emails from custom searches using n8n, extracts contact data, and exports results directly to Google Sheets.",2025/07/20,https://www.skool.com/ai-automation-society/new-video-step-by-step-scrape-unlimited-emails-for-free-with-n8n,,3,Skool,Nate Herk
AI Educational Video Generator,"Takes a user-provided question as input → generates an educational dialogue script using Anthropic AI, converts it to speech using ElevenLabs, and combines it with visuals using Json2Video → outputs a short educational video.",2025/07/20,https://www.reddit.com/r/n8n/comments/1lbwq0f/i_built_tiktok_brainrot_generator_includes/,,4,Reddit,SignatureSharp3215
Ultimate AI Team,"Centralized AI assistant in n8n manages four specialized sub-agents, each handling specific domains, creating a scalable and efficient multi-agent system for comprehensive task automation.",2025/07/20,https://www.skool.com/ai-automation-society/new-video-i-built-the-ultimate-team-of-ai-agents-in-n8n-with-no-code-free-template,,4,Skool,Nate Herk
AI Appointment Booker,"AI agent in n8n automatically handles appointment booking requests while you sleep, managing scheduling, availability checks, and calendar integration for business automation.",2025/07/20,https://www.skool.com/automate-with-n8n-7409/steal-this-ai-agent-that-books-appointments-in-your-sleep,,4,Skool,Tiago Lemos
AI Viral Video Clipper,Takes a YouTube video URL as input → analyzes it using AI to identify high-virality short-form clips → outputs shareable links for TikTok/Reels/Shorts via Slack.,2025/07/20,https://www.reddit.com/r/n8n/comments/1m0o40i/i_built_an_ai_workflow_that_analyzes_longform/,,4,Reddit,dudeson55
AI Bigfoot Vlog Generator,Takes a simple idea as input → generates a detailed script for an 8-scene Bigfoot vlog using Veo 3 → outputs individual video clips to Google Drive.,2025/07/20,https://www.reddit.com/r/n8n/comments/1lkbx2b/i_built_this_ai_automation_that_generates_viral/,,4,Reddit,dudeson55
Viral Video Monitor,"n8n automation tracks competitor channels for viral video performance, analyzes successful content patterns, and delivers trending video ideas directly to your inbox on autopilot.",2025/07/21,https://www.skool.com/automate-with-n8n-7409/build-this-n8n-automation-and-finds-infinite-and-free-viral-video-ideas,,3,Skool,Tiago Lemos
n8n Autoscaling Docker Compose,"Simplifies n8n queue mode setup for autoscaling worker containers based on Redis queue length. Includes built-in Puppeteer and Chrome for advanced scraping directly within n8n code nodes. Auto-installs and configures with Docker, enabling high parallel throughput.",2025/07/21,https://www.reddit.com/r/n8n/comments/1kgxgo4/i_made_a_docker_compose_for_n8n_queue_mode_with/,,4,Reddit,conor_is_my_name
Automated Social Media Posting,Takes news headlines or custom text input → Researches and expands on the topic using Perplexity → Generates engaging social media copy with an LLM → Creates visuals using branded Canva templates → Auto-posts to Instagram.,2025/07/21,https://www.reddit.com/r/n8n/comments/1l6vum8/from_news_headline_to_instagram_post_in_2_minutes/,,4,Reddit,postigodiego
N8N News Tracker,"AI-powered workflow monitors n8n updates, new features, and workflow ideas across multiple sources, delivering curated summaries via email to keep users current with platform developments.",2025/07/21,https://www.skool.com/automate-with-n8n-7409/if-you-use-n8n-you-need-to-see-this-right-now,,4,Skool,Tiago Lemos
AI Dental Booking Agent,This workflow uses ElevenLabs and n8n to create an AI-powered voice agent that handles after-hours appointment bookings for a dental practice. It takes incoming calls → interacts with Google Calendar to check availability and book appointments → logs details to a Google Sheet.,2025/07/21,https://www.reddit.com/r/n8n/comments/1m37l5z/i_recreated_a_dentist_voice_agent_making_24kyr/,,4,Reddit,dudeson55
Personalized Hotel Rewards Email,"Workflow takes high-spending hotel guest data from Salesforce, uses Gemini AI to personalize reward email content, and sends emails via Brevo.",2025/07/21,https://www.reddit.com/r/n8n/comments/1m2fl2l/i_got_paid_for_this_simple_workflow_a_200_now_i/,,4,Reddit,Charming_You_8285
Automated Short Video Generator,"Takes text input (jokes, tips, stories) → generates short videos with background footage, captions, and AI-generated voiceover → outputs video file.",2025/07/21,https://www.reddit.com/r/n8n/comments/1k575uq/i_made_a_free_mcp_server_to_create_short_videos/,,4,Reddit,davidgyori
Google Maps Leads,"Takes search queries as input → Scrapes Google Maps for relevant data → Outputs structured JSON data containing location details like name, place ID, coordinates, address, rating, reviews, categories, website, phone number, and Google Maps link.",2025/07/21,https://www.reddit.com/r/n8n/comments/1kml8st/i_made_a_google_maps_scraper_designed/,,4,Reddit,conor_is_my_name
AI Newsletter Generator,"Sequential AI research agents in n8n automatically research topics, compile information, and format professional newsletters with source citations without human intervention.",2025/07/21,https://www.skool.com/ai-automation-society/new-video-steal-this-team-of-research-agents-for-newsletter-automation-in-n8n-no-code,,4,Skool,Nate Herk
AI Research Reporter,"AI system in n8n conducts comprehensive research on any topic, analyzes data from multiple sources, and generates detailed PDF reports with citations for $0.50 per report.",2025/07/21,https://www.skool.com/ai-automation-society/new-video-i-built-deep-research-that-beats-perplexity-openai,,4,Skool,Nate Herk
AI Social Post Generator,"Takes a URL as input, uses Gemini AI to create platform-specific social media posts for X, LinkedIn, Reddit, and Threads, includes a webpage screenshot, and auto-posts to each platform.",2025/07/21,https://www.reddit.com/r/n8n/comments/1luu4iq/i_built_an_n8n_workflow_to_convert_web_articles/,,4,Reddit,mutonbini
AI Newsletter Generator,Workflow scrapes online AI news stories → processes them with AI to select top stories and generate newsletter content → outputs formatted markdown for publishing.,2025/07/21,https://www.reddit.com/r/n8n/comments/1l9pff8/i_built_an_ai_system_that_scrapes_stories_off_the/,,5,Reddit,dudeson55
Technical Analyst Agent,"AI agent in n8n performs automated technical analysis tasks without coding, analyzing financial data and generating trading insights.",2025/07/21,https://www.skool.com/ai-automation-society/new-video-how-i-built-a-technical-analyst-ai-agent-in-n8n-with-no-code,,3,Skool,Nate Herk
RSS Idea Generator,"Workflow gathers news from various RSS feeds related to startups and AI, processes them using an AI agent (Gemini), and outputs structured idea suggestions in JSON, which are then stored in a Google Sheet.  It uses webhooks to accept user prompts and generate ideas on demand.",2025/07/21,https://www.reddit.com/r/n8n/comments/1luyctd/you_guys_loved_my_idea_finder_workflow_so_here_is/,,3,Reddit,Haghiri75
N8N Workflow Collection,This repository contains a collection of over 1000 n8n workflows sourced from the n8n website and various Git repositories.  It provides a wide range of pre-built automations for various tasks and integrations.,2025/07/21,https://www.reddit.com/r/n8n/comments/1kx9u01/all_of_n8n_workflows_i_could_find_1000_enjoy/,,3,Reddit,eliadkid
AI Media Manager,"Voice AI agent in n8n runs complete media operations including daily newsletter writing, Twitter content repurposing, TikTok script creation, and video generation for business automation.",2025/07/21,https://www.skool.com/ai-automation-mastery-group/new-video-this-ai-agent-runs-my-100k-media-company-free-n8n-template,,4,Skool,Lucas Walter
AI Dentist Assistant,"Voice AI agent in n8n handles dental office operations including appointment scheduling, patient inquiries, and administrative tasks, replicating a $24K/year system sold to dentists.",2025/07/21,https://www.skool.com/ai-automation-mastery-group/new-video-24kyear-from-this-ai-dentist-voice-agent-free-n8n-template,,4,Skool,Lucas Walter
Viral Clip Generator,AI system in n8n uses Vizard to automatically extract and generate dozens of viral short clips from YouTube videos for cross-platform social media distribution.,2025/07/22,https://www.skool.com/ai-automation-mastery-group/video-this-ai-system-generates-viral-clips-from-any-youtube-video-n8n-vizard,,3,Skool,Lucas Walter
Video Clone Analyzer,"AI system in n8n uses Apify and Google Gemini to reverse engineer viral TikTok videos, analyzing content and generating detailed prompts for AI video recreation tools like Veo3.",2025/07/22,https://www.skool.com/ai-automation-mastery-group/video-clone-any-viral-ai-video-with-apify-google-gemini-free-n8n-template,,3,Skool,Lucas Walter
Content Repurposing Factory,"AI-powered system in n8n uses Apify and Claude Sonnet to automatically repurpose content across multiple platforms with customizable tone, style, and output formats for scalable content multiplication.",2025/07/22,https://www.skool.com/ai-automation-mastery-group/video-build-your-own-ai-content-repurposing-factory-free-n8n-template,,4,Skool,Lucas Walter
Twitter Data Scraper,Cost-effective Twitter scraping system using n8n and Apify extracts tweet data at 40 cents per thousand tweets for social media monitoring and data collection.,2025/07/22,https://www.skool.com/ai-automation-mastery-group/video-how-to-actually-scrape-data-off-twitter-x-with-apify-free-n8n-template,,3,Skool,Lucas Walter
AI Reel Generator,"AI system in n8n automatically repurposes long-form newsletter content into bite-sized short videos optimized for Instagram, TikTok, and YouTube Shorts distribution.",2025/07/22,https://www.skool.com/ai-automation-mastery-group/this-ai-system-makes-viral-reels-for-me-n8n-free-template,,3,Skool,Lucas Walter
AI Vlog Generator,"AI system in n8n uses Claude and Google VEO 3 to automatically generate viral-style vlogs like Bigfoot content, reverse engineering successful video formats for automated production.",2025/07/22,https://www.skool.com/ai-automation-mastery-group/video-this-ai-system-builds-viral-vlogs-in-minutes,,3,Skool,Lucas Walter
AI Appointment Reminder,"AI voice system in n8n uses VAPI/Twilio to make personalized reminder calls, reduces no-shows to 3%, prevents duplicate calls, and logs confirmations in Google Sheets automatically.",2025/07/22,https://www.skool.com/neural-architects/cut-no-shows-to-3-with-an-ai-voice-reminder-system,,5,Skool,Frank Nillard
YouTube Insights Engine,"Automated workflow in n8n combines YouTube metrics with audience data to identify viral video opportunities before they explode, using Google Sheets for data tracking and analysis.",2025/07/22,https://www.skool.com/neural-architects/how-i-make-viral-videos-with-my-yt-insights-engine-free-templates,,4,Skool,Frank Nillard
AI Sales Agent,"Production-level AI voice agent in n8n calls leads after form submission, qualifies prospects using CRM data, analyzes calls with AI, and automatically schedules follow-up meetings.",2025/07/22,https://www.skool.com/chase-ai-community/create-ai-voice-agents-that-actually-sell,,5,Skool,Chase Hannegan
Viral Strategy Analyzer,"AI system scrapes TikTok and Instagram videos using Apify, analyzes viral patterns with Gemini's video analysis, and generates actionable steps to recreate successful content strategies.",2025/07/22,https://www.skool.com/chase-ai-community/steal-anyones-viral-video-strategy-tiktok-ig-scraper,,4,Skool,Chase Hannegan
AI Video Powerhouse,n8n workflow uses VEO3_fast model via KieAPI to automatically generate videos from Google Sheet prompts and distributes content across 9 social media channels simultaneously using Blotato.,2025/07/22,https://www.skool.com/chase-ai-community/automate-ai-viral-videos-w-veo3fast-kieapi,,4,Skool,Chase Hannegan
Cold Outreach Machine,"Advanced n8n workflow uses Apollo-powered Apify for LinkedIn scraping, integrates Instantly.ai for multi-domain email campaigns with lead warming and success analytics for comprehensive outreach automation.",2025/07/22,https://www.skool.com/chase-ai-community/cold-outreach-machine-30-linkedin-scraper,,5,Skool,Chase Hannegan
RAG Chat System,"Advanced RAG system in n8n handles large Excel/CSV files with SQL functionality, connects to web chat interface via webhooks, and maintains session persistence for conversational AI applications.",2025/07/22,https://www.skool.com/chase-ai-community/rag,,5,Skool,Chase Hannegan
Faceless Video Factory,"Complete n8n automation generates faceless videos from idea to final product including image generation, video creation, audio synthesis, and editing with cost optimization strategies for viral content.",2025/07/22,https://www.skool.com/chase-ai-community/faceless-video-generation,,4,Skool,Chase Hannegan
Apollo Lead Generator,"AI automation uses Apify to scrape Apollo lead data without account requirement, extracting work emails, personal emails, and LinkedIn URLs based on natural language descriptions into Google Sheets.",2025/07/22,https://www.skool.com/chase-ai-community/apollo-lead-generation,,4,Skool,Chase Hannegan
AI Carousel Automation,n8n workflow automatically generates carousel content and posts to TikTok and Instagram using AI for dynamic social media content creation and distribution.,2025/07/22,https://www.skool.com/chase-ai-community/automatically-create-post-carousels-to-socials,,3,Skool,Chase Hannegan
Personal Assistant Agent,"AI personal assistant in n8n integrates Gmail, Google Calendar, and web scraping via Tavily, accessible through Telegram with voice and text interaction for executive assistance tasks.",2025/07/23,https://www.skool.com/chase-ai-community/personal-assistant-ai-agent,,4,Skool,Chase Hannegan
LinkedIn Style Cloner,"n8n workflow analyzes any LinkedIn influencer's content patterns from their URL, creates writing playbooks covering hooks and structure, and generates posts mimicking their voice and style.",2025/07/23,https://www.skool.com/chase-ai-community/steal-their-linkedin-content-strategy,,4,Skool,Chase Hannegan
Stock Analysis Agent,AI agent in n8n performs comprehensive stock analysis combining technical chart analysis with sentiment analysis from Tavily web scraping for informed investment decision-making.,2025/07/23,https://www.skool.com/chase-ai-community/stock-analyzer-ai-agent,,4,Skool,Chase Hannegan
Custom Newsletter AI,"AI system in n8n combines RSS feeds and Tavily to filter articles based on personal interests, creating customized newsletters that deliver only relevant content automatically.",2025/07/23,https://www.skool.com/chase-ai-community/custom-newsletter-ai-workflow,,4,Skool,Chase Hannegan
Multi Platform Poster,"n8n workflow uses Blotato API to simultaneously post content across 9 social media platforms, designed as modular component for integration with existing AI content systems.",2025/07/23,https://www.skool.com/chase-ai-community/social-media-poster-9-platforms,,4,Skool,Chase Hannegan
AI Avatar Creator,n8n automation integrates HeyGen AI avatars to automatically generate and distribute personalized video content across multiple social media platforms daily using your AI clone.,2025/07/23,https://www.skool.com/chase-ai-community/create-your-ai-clone-heygen,,4,Skool,Chase Hannegan
AI Email Assistant,"AI workflow in n8n automatically classifies incoming emails, applies custom tags based on rules, and drafts personalized responses using your writing voice and communication style.",2025/07/23,https://www.skool.com/chase-ai-community/ai-email-assistant,,4,Skool,Chase Hannegan
Maps Leads Business Scraper,n8n workflow scrapes Google Maps for basic business data then enriches it with Perplexity AI to gather additional information including summaries and email addresses for lead generation.,2025/07/23,https://www.skool.com/chase-ai-community/google-maps-business-scraper,,4,Skool,Chase Hannegan
Veo3 Video Generator,"n8n workflow integrates Google's Veo3 video generation through Fal.AI API, creating foundation skeleton for automated video content creation in existing AI systems.",2025/07/23,https://www.skool.com/chase-ai-community/veo3-n8n-skeleton,,3,Skool,Chase Hannegan
Written Content AI Agent,"AI agent in n8n creates high-quality written content mimicking your writing style, handling idea generation, research, drafting, and article creation with Flux integration for accompanying images.",2025/07/23,https://www.skool.com/chase-ai-community/written-content-ai-agent,,4,Skool,Chase Hannegan
GPT Airtable Design Team,"AI agent in n8n orchestrates design workflows from Airtable control panel, managing image creation and complex edits through specialized sub-workflows with automatic request processing and results delivery.",2025/07/23,https://www.skool.com/chase-ai-community/gpt-airtable-design-team,,4,Skool,Chase Hannegan
RAG Voice Frontend,"Advanced RAG system integrates Eleven Labs conversational AI with web frontend, enabling natural voice conversations through standardized webhook architecture for seamless AI assistant interactions.",2025/07/23,https://www.skool.com/chase-ai-community/rag-voice-frontend,,5,Skool,Chase Hannegan
AI Agent Voice Website,"AI personal assistant gains voice capabilities through ElevenLabs integration with custom web frontend using Lovable and Supabase, including database management and authentication for complete AI assistant platform.",2025/07/23,https://www.skool.com/chase-ai-community/giving-our-ai-agent-a-voice-and-a-website,,5,Skool,Chase Hannegan
Podcast to TikTok Clips,AI automation in n8n converts longform podcast episodes into viral TikTok clips through automated content detection and clip generation for complete podcast-to-social transformation.,2025/07/23,https://drive.google.com/file/d/12EiSCXiQ2b9MuZO5LYKE2-4dH9mSW1P1/view?usp=share_link,https://youtu.be/yueOIxkDig0,4,Gumroad,Nick Saraev
Facebook Ad Remixer,n8n automation scrapes high-performing Facebook Ad Library ads and uses AI to remix successful elements into custom creatives based on user prompts for brand-specific advertising campaigns.,2025/07/23,https://drive.google.com/file/d/1ONOFJ_MJjtLCXz3JImkZ5NnLrhfg6W1c/view?usp=share_link,https://youtu.be/GNmlnt52aSM,4,Gumroad,Nick Saraev
AI Facebook Ad Spy,"AI-powered n8n system scrapes top-performing Facebook ads, analyzes success factors, and rewrites them for high-paying clients, creating valuable ad intelligence service worth $2000+.",2025/07/23,https://drive.google.com/file/d/18M8GjOcBQHHzBgxLKpTfl992DkW4N4iO/view?usp=share_link,https://youtu.be/0PJNiDuihBg,5,Gumroad,Nick Saraev
24/7 Personal Assistant,n8n AI agent operates continuously as personal assistant handling diverse tasks automatically without user intervention for round-the-clock productivity support.,2025/07/23,https://drive.google.com/drive/folders/1F3p-sM30ere8k3TG4Ni4XhCNzK_0wJtU?usp=share_link,https://youtu.be/iEzr0GdFitU,4,Gumroad,Jono Catliff
AI Design Team,"n8n automation creates 24/7 AI graphic design team that automatically generates logos, brand guides, and gradient backgrounds for continuous design production.",2025/07/23,https://drive.google.com/file/d/18M8GjOcBQHHzBgxLKpTfl992DkW4N4iO/view?usp=share_link,https://youtu.be/DrqR7a7lmBE,4,Gumroad,Nick Saraev
Dynamic First Call Setup,n8n workflow automatically initiates customizable first-call scenarios for incoming webhooks with flexible assistant behavior configuration and simple structure for easy adaptation.,2025/07/23,https://www.skool.com/ai-automation-vault/dynamic-first-call-setup,,4,Skool,Semih S
Master Social Scraper,"n8n workflow scrapes content from X/Twitter, LinkedIn, YouTube, and Instagram with automatic video transcription, designed for competitor analysis, content research, and AI-ready data extraction.",2025/07/23,https://www.skool.com/ai-automation-vault/classroom/69b7bb57?md=9cbd84cbb03b46aa945d79bf4f1cca59,,4,Skool,Nolan Harper
AI Email Classifier,"n8n workflow automatically classifies incoming Gmail messages into 5 categories (Internal, Customer Support, Promotions, Admin/Finance, Sales) and generates appropriate AI-powered responses using specialized LLM prompts for each category.",2025/07/23,https://www.skool.com/ai-automation-vault/classroom/69b7bb57?md=cd5a5ed32cbd4dda828fd2cd8c32637b,,5,Skool,Nolan Harper
Cold Email Automation,"n8n workflow finds ideal prospects, writes personalized cold emails using AI, and sends them automatically for complete end-to-end cold outreach automation without coding.",2025/07/23,https://www.skool.com/ai-automation-vault/classroom/69b7bb57?md=fc95cbb6156341fdb6508690124850c4,https://youtu.be/2Utdn12JSK4,4,Skool,Nolan Harper
AI Proposal Generator,"n8n workflow automatically transcribes sales call recordings, extracts prospect pain points, and generates comprehensive customized proposals with pricing, scope, and upsells based on call analysis.",2025/07/23,https://www.skool.com/ai-automation-vault/classroom/69b7bb57?md=157ad4e2cb374a40b6985ebd9b0973a4,,5,Skool,Nolan Harper
YouTube Comment Miner,AI automation reads YouTube comments from niche videos and transforms them into research-backed content ideas with hooks and outlines for continuous content calendar filling.,2025/07/23,https://www.skool.com/ai-automation-vault/classroom/69b7bb57?md=90be61bf22fb45479c8f8350ab758572,https://youtu.be/Xno2IGHfSDo,4,Skool,Nolan Harper
Sales Assistent,"n8n workflow creates automated AI sales assistant that captures leads, handles follow-ups, and writes custom responses continuously without human intervention for complete sales automation.",2025/07/23,https://www.skool.com/ai-automation-vault/classroom/69b7bb57?md=859eeb89deab4a05a77de17ee5afe5f9,https://youtu.be/1XPu71Hw_ck,5,Skool,Nolan Harper
AI Copywriting Team,"n8n automation creates specialized AI copywriters for cold emails, VSL scripts, and sales letters with trigger-based assistant deployment and high-converting copy generation for business use.",2025/07/23,https://www.skool.com/ai-automation-vault/classroom/69b7bb57?md=b70cf2961eff4f8faf437d0bf168ad3c,https://youtu.be/GoDmjHs7o-M,4,Skool,Nolan Harper
YouTube Growth Automation,"AI automation system helped grow YouTube channel from 515 to 7,423 subscribers in 7 days through strategic content optimization and automated growth tactics.",2025/07/24,https://www.skool.com/ai-automation-vault/classroom/69b7bb57?md=c0857de2eb1c474891084ee6dd75eee4,https://youtu.be/t6iPH93krzY,4,Skool,Nolan Harper
Personalized Cold Email Opener,"n8n system scrapes thousands of emails, adds them to Google Sheets, and generates highly customized personalized cold email openers for each prospect for mass personalization at scale.",2025/07/24,https://www.skool.com/ai-automation-vault/classroom/69b7bb57?md=9fe3c0e980d44ee0b925293c9131946b,https://youtu.be/tY1N75GpzRo,4,Skool,Lloyd Dodgen | Building AI Automation For Agencies
AI Facebook Ad Agency,"n8n automation replaces Facebook ad agencies by generating dozens of ads from product images and Meta Ads Library inspiration, eliminating need for creative teams through AI-powered ad creation.",2025/07/24,https://www.skool.com/ai-automation-vault/classroom/69b7bb57?md=6a5c43eff0d74ba5b9639e167f115df1,https://youtu.be/76eN-hfnT5Q,4,Skool,Lloyd Dodgen | Building AI Automation For Agencies
ChatGPT Automation System,"n8n system integrates ChatGPT with multi-app workflow to automate call scheduling, invoice processing, and spreadsheet updates using webhook triggers, API integrations, and custom GPT generator.",2025/07/24,https://drive.google.com/file/d/1c-JvJLEAla3o28T1rk49Z14HS7fwwjor/view?usp=sharing,https://www.youtube.com/watch?v=YcDLVPYIRSA,4,Gumroad,Jono Catliff
AI Customer Support System,"n8n automation creates comprehensive customer support system integrating Circle community posting, Airtable ticketing dashboard, and AI agent with search tools for automated ticket creation, resolution, and status tracking.",2025/07/24,https://drive.google.com/file/d/1I2UBn1MfxTPj0Jt4B8wQCvXOEJzwgkun/view?usp=sharing,https://www.youtube.com/watch?v=mJwZPK2A7cM,5,Circle,Ben AI
LinkedIn Job Application Bot,"n8n workflow automates LinkedIn job applications through RSS job feeds, AI-powered job fit rating, tailored cover letter generation, and Google Sheets deduplication for complete application automation.",2025/07/24,https://drive.google.com/file/d/1VAIRX3D8fW7A-805LK_VceCG2kHxc0R2/view?usp=sharing,https://www.youtube.com/watch?v=dYNFqM84pSI,4,Gumroad,Jono Catliff
Claude MCP Content Repurposer,"n8n workflow integrates Claude MCP for content repurposing with YouTube transcription, LinkedIn post generation, dynamic image creation, and Airtable/Webflow updates for automated social media and blog content.",2025/07/24,https://drive.google.com/drive/folders/1spHLVKJjE8iLNT08Oky8fnFNhkE5DD1K?usp=share_link,https://www.youtube.com/watch?v=_je0FbUcFkg,4,Circle,Ben AI
Claude MCP Business Agent,"Comprehensive Claude MCP agent system integrates email, calendar, CRM, Slack, WhatsApp, and LinkedIn through n8n-based MCP server with API configurations for automated daily business task management.",2025/07/24,https://drive.google.com/drive/folders/1EpwvEo824ZW3TXY99_AQwEbgvrAwXjre?usp=sharing,https://www.youtube.com/watch?v=bATMtzNoap4,5,Circle,Ben AI
Multi-Platform Sales Automation,"AI system automates sales across WhatsApp, Facebook Messenger, and Instagram DMs using multi-agent setup with CRM integration, calendar scheduling, RAG database, and MCP integration for dynamic tool selection.",2025/07/24,https://drive.google.com/drive/folders/1S_fyqX4Vmhs-f8UvaqbEGImQ2fFFG7zl?usp=share_link,https://www.youtube.com/watch?v=VnbfsX7iBl4,5,Circle,Ben AI
Google Sheets Automation Hub,"Dynamic Google Sheets dashboard uses form triggers, conditional logic, and Apps Script to automate emails, calendar invites, and invoices with external system integration and switch-case routing.",2025/07/24,https://drive.google.com/drive/folders/1uA6tQ03PtYBktxAU4Hk1hxzeWc5z7PKz?usp=share_link,https://www.youtube.com/watch?v=Mw9AIejD39s,4,Gumroad,Jono Catliff
Lead Follow-up Automation,"n8n workflow captures form submissions, integrates with GoHighLevel CRM for instant outbound calls, logs data to Google Sheets, and sends Telegram notifications for maximum lead conversion automation.",2025/07/24,https://drive.google.com/file/d/1-ojHHwjobmDQd5It465u2v2CXY_lG7uc/view?usp=sharing,https://www.youtube.com/watch?v=PWLVWhMh7og,4,Gumroad,Jono Catliff
n8n Automation Template Hub,"A curated collection of 250+ community-contributed n8n automation templates spanning various categories like AI, productivity, social media, and more.  Provides a central repository for discovering and accessing pre-built workflows.",2025/07/24,https://www.reddit.com/r/n8n/comments/1khyn91/250_free_n8n_automation_templates_the_ultimate/,,4,Reddit,evoura
Real-Time X Insights Agent,This workflow takes user queries from a Bolt frontend → processes them via a Supabase edge function and an n8n workflow using Grok's Live Search API → outputs real-time insights from X.,2025/07/24,https://drive.google.com/file/d/1phOwtWTazvIUMo6NBssmwj-_vupwSXiL/view?usp=drivesdk,https://www.youtube.com/watch?v=7NIN0KNcVdM,4,Gumroad,Mark Kashef
TikTok Viral Analysis,"This workflow analyzes top-performing TikToks from specified influencers. It retrieves recent videos, sorts by views, filters for video posts, and uses Gemini to extract viral elements.",2025/07/24,https://drive.google.com/file/d/1wtEIVdNb4pyvlqqxW0Hu0UPON47yhZ0x/view?usp=drivesdk,https://www.youtube.com/watch?v=OSpw9AY1fJI,4,Youtube,Oleg Melnikov
Make to n8n Converter,"This workflow takes Make.com blueprints (JSON) as input, processes them using GPT-3 and Perplexity AI to handle conversions and unsupported integrations, and outputs functional n8n workflow templates.",2025/07/24,https://drive.google.com/file/d/1mYKYaQzdGEKjf6uzfgcVIKZi10oxYA6j/view?usp=sharing,https://www.youtube.com/watch?v=bK_4qJiQ5IM,4,Gumroad,Mark Kashef
AI Video Analysis Automation,"Workflow automates video analysis using Google Gemini. Takes local video files or YouTube URLs as input, polls processing status, and outputs Gemini's analysis (e.g., summaries, insights).",2025/07/24,https://drive.google.com/file/d/1-Mua06hJHTuf5KUAEA9DdeGhSMy2Rxaq/view?usp=drivesdk,https://www.youtube.com/watch?v=acB2o6nwAn8,4,Skool,Nate Herk
Prompt Optimization Workflow,Takes inconsistent AI prompts as input → processes and optimizes using techniques like temperature control and structured output → outputs consistent and reliable AI responses.,2025/07/24,https://drive.google.com/file/d/10WGVKjPhhI4jlQEknZ-Wx_Ah5Bbec3r9/view?usp=drivesdk,https://www.youtube.com/watch?v=1uDXVb7zp0Q,4,Gumroad,MagicOps AI
AI Email Automation,"Workflow automates email inbox management. Takes incoming emails as input → classifies them using OpenAI into categories (priority, support, promo, finance) → generates drafts and sends notifications via Telegram.",2025/07/24,https://drive.google.com/file/d/1IDr2ShxpJ6mQbv1Ypyn-uT1QH7sqqUan/view?usp=drivesdk,https://www.youtube.com/watch?v=JUx2ZfNfD64,4,Skool,Nate Herk
AI Image Generation and Merging,Takes text prompts or existing images as input → Processes them using OpenAI's image model and/or combines images → Outputs generated or merged images.,2025/07/24,https://drive.google.com/file/d/1nLk7Xf6AqU0RuArdESu87hNbcah7UZRT/view?usp=drivesdk,https://www.youtube.com/watch?v=nGNm4IBZpGg,4,Gumroad,Jono Catliff
AI Marketing Automation,"Workflow scrapes Google and Instagram for data, uses LLMs to summarize content, plan posts, generate images, and updates Google Sheets/Drive via webhook.",2025/07/24,https://drive.google.com/file/d/1esph4j-3cO-oDyvBsM-wsbfk0u5xBTfv/view?usp=drivesdk,https://www.youtube.com/watch?v=7TUPVDIcD3k,4,GitHub,Rory Ridgers
Automated Invoice Processing,"This workflow takes invoice images via Telegram → extracts text using OCR, updates a database, uploads the image to Google Drive → and sends a summary back to Telegram.",2025/07/24,https://drive.google.com/file/d/1yJ66v6Jgj9MNw5FvjXcqLo91Y2HO7w5G/view?usp=drivesdk,https://www.youtube.com/watch?v=skHe-qIRkM4,4,Skool,Nate Herk
AI Email Automation Agent,"Takes natural language prompts as input → Processes them with GPT-4, using memory and Google Sheets contact lookup → Outputs automated email responses via Gmail.",2025/07/24,https://drive.google.com/file/d/1ly26cSEV2pS0PIbqVIphghnGtrnliA_c/view?usp=drivesdk,https://www.youtube.com/watch?v=DAbnhOOFuD8,4,GitHub,Rory Ridgers
SMS AI Agent Builder,"This workflow automates the creation of an SMS AI agent. It takes an incoming SMS message via Twilio as input, processes it using Google Sheets for context and buffering, and then outputs responses via Twilio SMS and email notifications through Gmail.",2025/07/24,https://drive.google.com/file/d/1ihs-A4mWLMkkSTNgAZGndRYc46kSue8u/view?usp=drivesdk,https://www.youtube.com/watch?v=_igpx9vXYvA,3,GitHub,Rory Ridgers
AI Agent API Integration,"This workflow automates the creation of AI agents by integrating external APIs like Open Weather Map, Perplexity, and Tavi using HTTP requests, handling authentication, parameters, and error responses.",2025/07/24,https://drive.google.com/file/d/14Pbsv4oHqWSCKFfDSjfj9ye7IdCY5PHb/view?usp=drivesdk,https://www.youtube.com/watch?v=qZkX_gIlwsY,4,Skool,Nate Herk
AI Web App Builder,"Takes user inputs (company name, industry, website URL) → processes them using Lovable's natural language coding, OpenAI, and Dolly 3 → outputs a custom web application and tailored social media posts.",2025/07/24,https://drive.google.com/file/d/1z_8TrHcoLj98QGOmSUP64JoegtVhKHh8/view?usp=drivesdk,https://www.youtube.com/watch?v=i08K-l8pjfs,4,Gumroad,Jono Catliff
AI-Powered Client Onboarding,"This workflow automates client onboarding from a form submission. It creates Google Drive folders, ClickUp projects/tasks, a dedicated Slack channel, and uses AI to extract tasks from documents, leveraging Google Drive, ClickUp, Slack, and Gmail APIs.",2025/07/24,https://drive.google.com/file/d/1MK9vE-QxlI2N9kHgpxLrQZu1fliG4mcW/view?usp=drivesdk,https://www.youtube.com/watch?v=gXKzEt1ZG38,4,Skool,Nolan Harper
AI Voice Travel Agent,"Takes travel details via webhook → retrieves flight, hotel, and activity data using APIs → outputs a personalized HTML email with itinerary details.",2025/07/24,https://drive.google.com/file/d/15soElZ8yZP2nCkdhGGYvzn_0Wc39vMVg/view?usp=drivesdk,https://www.youtube.com/watch?v=5zhTxuuPc3A,4,Skool,Nate Herk
AI Chatbot Web UI Integration,"This workflow integrates a ChatGPT-style web UI with n8n AI agents. It takes user chat input via Open WebUI, processes it using webhook triggers and header authentication, generates conversation metadata, and outputs AI responses.  It also integrates external tools like the Brave search API.",2025/07/24,https://drive.google.com/file/d/1Mte9aRJGON1TUssBEf0sk9cqn4EC-GaD/view?usp=drivesdk,https://www.youtube.com/watch?v=6zn8vVTeFE0,4,GitHub,Cole Medin
AI-Powered Outlook Manager,"Workflow triggers on new Outlook emails → cleans HTML content using OpenAI → classifies emails via AI into categories (high priority, billing, promotional) → routes emails, drafts replies, and sends Telegram notifications based on category.",2025/07/24,https://drive.google.com/file/d/1QQUI5J3TnjdJulpRoAMZS50UHZdvDbWl/view?usp=drivesdk,https://www.youtube.com/watch?v=h7BLVKh7yzc,4,Skool,Nate Herk
Leads from Google Maps Scraper,"This workflow scrapes lead emails from Google Maps search results using HTTP requests and regex. It processes data with custom JavaScript, filters unwanted domains and duplicates, and manages rate limits via loops and waits. The output is a list of scraped email leads.",2025/07/24,https://drive.google.com/file/d/1UqupFZgHJhGII2Vq63PIJ5n15P_7c4EI/view?usp=drivesdk,https://www.youtube.com/watch?v=OroDNJl-pyc,3,Gumroad,Nick Saraev
AI Viral Shorts Automation,"This workflow automates the creation and publishing of faceless short-form videos. It pulls data from Google Sheets, generates content ideas using AI, creates visuals with PI API, renders videos via Runway ML, edits with CreateTomate, and publishes to YouTube using Google Cloud API.",2025/07/24,https://drive.google.com/file/d/1XbPWRK1i_TDRLHJzQ2duFVpj_DwWp5uM/view?usp=drivesdk,https://www.youtube.com/watch?v=oMcLgseGER0,4,Youtube,Oleg Melnikov
AI-Powered Support Automation,"This workflow automates customer support ticket resolution by using an AI agent integrated with OpenAI, Postgres, Supabase, Airtable, Google Drive, and Google Calendar. It takes customer queries as input, processes them through the AI agent with dynamic chat memory and document retrieval, and outputs solutions like FAQs, package tracking, ticket creation, or call scheduling.",2025/07/24,https://drive.google.com/file/d/1m7EiHZl87NfRHq2-y5hT4LjXwKfbnBPw/view?usp=drivesdk,https://www.youtube.com/watch?v=LCRxRnsWErs,5,Skool,5minAI
AI Model RAG Benchmarking,"This workflow benchmarks GPT-4o, Claude 3.5, and Gemini Flash 2.0 for Retrieval-Augmented Generation using Nvidia financial data. It takes a query as input, retrieves relevant context from a vector database, and sends it to each model. The workflow then evaluates and grades the models' responses based on speed, query understanding, and context management, outputting a comparative performance analysis.",2025/07/24,https://drive.google.com/file/d/1NwKcgeqxEnpDjXxQrep-qMmuFbpG_pcE/view?usp=drivesdk,https://www.youtube.com/watch?v=_DbZjllXDv8,5,Skool,Nate Herk
No-Code MCP Deployment Guide,"This guide demonstrates setting up a self-hosted Multiple Choice Prompt (MCP) system using n8n, integrating with services like Airbnb search, Brave search, and Airtable. It covers MCP node installation, server configuration, command execution, parameter handling, and environment variables for streamlined automation.",2025/07/24,https://drive.google.com/file/d/1bVWi32TsBw9-mrDdkFHSYQPDdC07UiaL/view?usp=drivesdk,https://www.youtube.com/watch?v=OUPW4DJMAsA,4,Skool,Nate Herk
Local AI Cloud Stack Deployment,"This workflow automates the deployment of a complete local AI stack using Docker, including LLM (Ollama), databases (Supabase, Qdrant), automation agents (n8n with Flowise), local search (SearXNG), and a user interface (Open WebUI). Input: User configuration and preferences. Process: Orchestrates Docker container setup, configures secured endpoints, firewall, and DNS. Output: Fully functional, private, local AI cloud stack.",2025/07/24,https://drive.google.com/file/d/1vhxXPO4cv9VTgwg0ynY6mg2QavtZmN-i/view?usp=drivesdk,,5,GitHub,Cole Medin
Automated Facebook Ad Analyzer,"Scrapes Facebook ads, categorizes them by type (video, image, text), analyzes them using GPT-4.5 and Gemini API, and stores the results in Google Sheets.",2025/07/24,https://drive.google.com/file/d/1DRmcXJsjPeSEtIk0ggPeGqJxH_37rflc/view?usp=drivesdk,https://www.youtube.com/watch?v=0PJNiDuihBg,4,Gumroad,Nick Saraev
AI Viral LinkedIn Posts,"Takes post ideas from Google Sheets, uses AI (Perplexity, Anthropic, OpenAI) to generate content and images, and auto-publishes to LinkedIn, Instagram, and Twitter based on a schedule.",2025/07/24,https://drive.google.com/file/d/1vLgJdV2a_oKiEZm96NNMlOf5NFCi8EBY/view?usp=drivesdk,https://www.youtube.com/watch?v=YpXzTSZ6csw,4,Youtube,Oleg Melnikov
AI Personal Assistant Workflow,"Telegram triggers a workflow processing voice/text commands to manage emails (Gmail), calendar (Google Calendar), CRM (Airtable), and generate YouTube video ideas using LLMs and Google Search.",2025/07/24,https://drive.google.com/file/d/16keRhQV4gs7QtNoa3A5QSt9rR8fB-dCT/view?usp=drivesdk,https://www.youtube.com/watch?v=kvY6CMe1Rmc,4,GitHub,Rory Ridgers
AI-Powered Cold Email Outreach,"Takes lead data from Google Sheets, uses OpenAI to generate personalized email subjects, icebreakers, and pitches, then drafts emails in Gmail.",2025/07/24,https://drive.google.com/file/d/1PP4skqpjpQsioYkKr0ukBPabHej21ipp/view?usp=drivesdk,https://www.youtube.com/watch?v=6b442bN0CyI,4,Gumroad,Nick Saraev
Automated Hiring Process,"This workflow automates hiring by processing Indeed applications via Gmail, categorizing them using OpenAI, syncing data with Google Sheets, and scheduling interviews through cal.com.",2025/07/24,https://drive.google.com/file/d/1UFN2UT3jbOnM3wQOqLpM7YaiVYTXhvMN/view?usp=drivesdk,https://www.youtube.com/watch?v=dBTrOcWkYM0,4,Gumroad,Jono Catliff
Web Scraper & Screenshotter,"Takes search queries as input → scrapes websites using Firecrawl API, captures screenshots → outputs data in various formats (Markdown, HTML, JSON, screenshots)",2025/07/24,https://drive.google.com/file/d/19otHS7IwZ0yLcYFoIdK4SS1lDo1gOyt9/view?usp=drivesdk,https://www.youtube.com/watch?v=3Pim6uCASSE,4,Skool,Nate Herk
AI Content Approval Workflow,"This workflow uses GPT-4.1 and Tavly search to generate social media content, then routes it through Telegram for human approval or revision requests.  Approved content is then output for publishing.",2025/07/24,https://drive.google.com/file/d/19qCPj6s8houcSupxYAqHozslOU_nbChx/view?usp=drivesdk,https://www.youtube.com/watch?v=CdnR-fNVPKI,4,Skool,Nate Herk
AI Viral Content Analyzer,"This workflow analyzes trending Instagram Reels and other social media videos. It scrapes video data using Apify, retrieves influencer information from Airtable, and leverages Google Gemini AI to extract key elements like hooks, ideas, and scripts. The output is a detailed analysis of viral content trends.",2025/07/24,https://drive.google.com/file/d/1ZsTtRpp2EfYkBHLVuNyUlSodav90H74J/view?usp=drivesdk,https://www.youtube.com/watch?v=zEzcwjZf7c8,4,Youtube,Oleg Melnikov
AI-Powered PPC Ad Automation,"This workflow scrapes top-performing Facebook ads, analyzes them using OpenAI, and generates new creative assets. Input: Facebook Ad Library data. Process: Scraping, AI analysis, content generation. Output: Customized ad creatives.",2025/07/24,https://drive.google.com/file/d/1vhiwbJXEV4wGaYmRjTSM3lt4s-dww4PL/view?usp=drivesdk,https://www.youtube.com/watch?v=GNmlnt52aSM,4,Gumroad,Nick Saraev
Agentic RAG Data Storage,"Workflow takes various data types (PDFs, tabular data) as input → processes and embeds them using Superbase vector database and SQL queries → outputs enhanced data representations for improved AI agent reasoning.",2025/07/24,https://drive.google.com/file/d/1PkpZBOO7W9yeMNsDUnmB6puEljE2Zc2T/view?usp=drivesdk,https://www.youtube.com/watch?v=BhGaGFH0jR4,4,Skool,Nate Herk
AI Viral Video Generator,"Workflow automates AI video creation. Takes video ideas/keywords as input from Google Sheets, generates scripts via AI, uses FAL AI's V3 model to render videos, and outputs finished videos accessible through Google Flow.",2025/07/24,https://drive.google.com/file/d/15aGQy_hGEUOEK7-aGBmkaaOFRfS52M-5/view?usp=drivesdk,https://www.youtube.com/watch?v=axBR8S7AepQ,4,Skool,Mahmut Kasimoglu
AI Resume Screener,"Automates candidate evaluation: receives resumes via email (Gmail) → extracts data, uses multiple AI models (GPT-4, Claude, Gemini, o3) for scoring/ranking → manages results in Airtable.",2025/07/24,https://drive.google.com/file/d/1Eyhm_Sg-LAY0b1q0IdHKtlA1Gj0gwYB-/view?usp=drivesdk,https://www.youtube.com/watch?v=lGnsQ3qWUmk,4,Skool,Mahmut Kasimoglu
Local RAG AI Agent,"Ingests files (PDF, CSV, text) → Extracts, splits, and stores data in PostgreSQL, uses local LLM (Ollama) for RAG and voice API (Cartesia) →  Provides offline, secure document automation.",2025/07/24,https://drive.google.com/file/d/1MJeJlT-5AELRD2DxzLVSfmb1p8V3DfPN/view?usp=drivesdk,https://www.youtube.com/watch?v=T2QWhXpnT5I,4,GitHub,Cole Medin
AI Meeting Prep Automation,"Takes Calendly booking details as input, performs AI-driven research on attendees and their companies using Perplexity API, synthesizes insights with OpenAI, generates personalized prep audio, and sends it via email.",2025/07/24,https://drive.google.com/file/d/1Eu7wPC6RBqhZGf3XGWBBsMNkTGF82TLd/view?usp=drivesdk,https://www.youtube.com/watch?v=9HBa364RZBk,4,Gumroad,Mark Kashef
Google Sheets Automation Hacks,"This workflow automates Google Sheets updates using triggers and webhooks. It processes changes, appends rows, performs calculations with inline functions, integrates ChatGPT for classification and error handling, and manages API rate limits. The output is an updated and enhanced Google Sheet.",2025/07/24,https://drive.google.com/file/d/1AQurQ4t196SXSMUwXP07Kw2cTSVs9Uyc/view?usp=drivesdk,https://www.youtube.com/watch?v=c8D1PP2erbo,4,Gumroad,Jono Catliff
Centralized n8n Error Handler,"This workflow takes error data from any n8n workflow as input, processes it by logging details like timestamps, workflow names, and error messages, and outputs this structured log to a Google Sheet, alongside sending notifications via Slack.",2025/07/24,https://drive.google.com/file/d/1gRHWNmrlfmSV9xHNlkl_VaHMfJzWkYfN/view?usp=drivesdk,https://www.youtube.com/watch?v=bTF3tACqPRU,4,Skool,Nate Herk
AI Multi-Agent Workflow,"This workflow uses multiple AI agents (contact, email, calendar, web search) to automate complex tasks like scheduling, notifications, and quote retrieval. It leverages advanced LLMs (GPT 4.1, Claude 3.5) for decision-making and includes validation steps.",2025/07/24,https://drive.google.com/file/d/14aVUAgn66QkNQJWij8MnuCo5wDJRBN2N/view?usp=drivesdk,https://www.youtube.com/watch?v=WqyLxyALTt0,4,Skool,Nate Herk
AI Email Management,"Workflow automatically categorizes incoming Gmail emails using AI (GPT-4 mini), then performs actions like labeling, summarizing, drafting replies, forwarding, and logging data to Google Sheets.",2025/07/24,https://drive.google.com/file/d/17cqnSqLVDu8Ddl0xG7SQaUvXkIzWY3Nk/view?usp=drivesdk,https://www.youtube.com/watch?v=l0SiFihbetA,4,Gumroad,Jono Catliff
AI Viral Shorts Generator,"Takes Google Sheet input (text prompt) → generates image (Flux), video (Cling), audio (ElevenLabs), combines (Creatomate) → posts to Instagram, TikTok, YouTube (Blotato)",2025/07/24,https://drive.google.com/file/d/1NgmFYiPFy_BOQeDZktdv57CFDkP-W19V/view?usp=drivesdk,https://www.youtube.com/watch?v=BcfjIBd49C8,4,Skool,Nate Herk
AI Voice Clone Agent,"This workflow takes text and audio input from Telegram, transcribes audio to text using OpenAI Whisper, and generates a cloned voice response using ElevenLabs before sending it back to the user.",2025/07/24,https://drive.google.com/file/d/18DhbiKBoaM0hjQltveLSo4k7iZXNKVun/view?usp=drivesdk,https://www.youtube.com/watch?v=QQLEnVCHB1I,4,Gumroad,Jono Catliff
AI-Powered Document Retrieval,"Takes a user query and metadata filters as input → Retrieves relevant chunks from a vector database, reranks them using Cohere, and applies metadata filtering → Outputs refined, contextually relevant information.",2025/07/24,https://drive.google.com/file/d/1Sl8ZooBy77pTlVu6exNHZC4zOTD9SMox/view?usp=drivesdk,https://www.youtube.com/watch?v=xWhX61651H8,4,Skool,Nate Herk
RAG Agent Setup with Supabase,"Workflow automates setup of a Retrieval-Augmented Generation (RAG) agent. It ingests documents, recursively splits them, embeds them, and stores them in Supabase (vector database) and Postgres (chat memory) for AI-powered question answering.",2025/07/24,https://drive.google.com/file/d/1Mne2Bimx-druSo78rga_DBO8hp5jn8fF/view?usp=drivesdk,https://www.youtube.com/watch?v=JjBofKJnYIU,4,Skool,Nate Herk
Human-in-Loop Calendar Agent,"This workflow automates calendar scheduling by integrating Google Calendar, Airtable, and Telegram. It takes meeting requests as input, verifies contacts against Airtable, checks for conflicts in Google Calendar, and prompts a human via Telegram for confirmation before creating, updating, or deleting the event in Google Calendar.",2025/07/24,https://drive.google.com/file/d/1BoqlUTO3FU-kg9Z8vyioIy8keSxV8PxX/view?usp=drivesdk,https://www.youtube.com/watch?v=z-gDDajSSNE,4,Skool,Nate Herk
AI Viral Baby Video System,"Takes baby video ideas from Google Sheets, uses OpenAI for text/images, 11 Labs for audio, headro.com for video rendering, and uploads to Google Drive/YouTube.",2025/07/24,https://drive.google.com/file/d/1HzP9aG6UNKFOrdZx4amgGiUafGt9_k6D/view?usp=drivesdk,https://www.youtube.com/watch?v=Q7pJcZAPuGc,4,Youtube,Oleg Melnikov
Web Scraping Automation,"This workflow uses Crawl4AI and n8n to scrape website data. It takes a URL as input, processes it using various scraping strategies (basic extraction, LLM-driven structuring, and CSS selectors), and outputs structured data.",2025/07/24,https://drive.google.com/file/d/1-IYnlP9zmC-_ThiqddCNSLu5_c38Sk-9/view?usp=drivesdk,https://www.youtube.com/watch?v=1CDGpbZItiY,4,Skool,Mahmut Kasimoglu
AI Website Chat Agent,"This workflow uses OpenAI and Google Calendar to create an AI-powered chat agent for websites. It takes user input via a chat widget, processes it using an OpenAI Chat model with memory, and can schedule events via Google Calendar. The output is a functional chat agent embedded on a website.",2025/07/24,https://drive.google.com/file/d/1UHGKJDYPwdQP3DIVDmvlgWBhBpZ3-7ws/view?usp=drivesdk,https://www.youtube.com/watch?v=c2kaOwkkhpo,4,Gumroad,Nick Saraev
AI Agent Dynamic Model Routing,"Workflow uses Slack input to dynamically select and route tasks to the most cost-effective LLM (Gemini, GPT, Claude) via OpenRouter, integrating logging with Google Sheets and Superbase for RAG.",2025/07/24,https://drive.google.com/file/d/1dcRO0RKgiYlaaLhH4j4y9Z921f18nIob/view?usp=drivesdk,https://www.youtube.com/watch?v=gwCQF--cARA,4,Skool,Nate Herk
Social Media Auto-Publisher,"This workflow automates social media posting. It takes content and media details from a Google Sheet and Google Drive, then uses a social media API to publish across nine platforms: Instagram, YouTube, Facebook, Threads, LinkedIn, Twitter, TikTok, Blue Sky, and Pinterest.",2025/07/24,https://drive.google.com/file/d/1mQhUpATTN2xr2euyFaZef9zgLs4bRb_I/view?usp=drivesdk,https://www.youtube.com/watch?v=D9okDd_1tBI,4,Sabrina.dev,Sabrina Ramonov 🍄
Automated Lead Nurturing,"This workflow retrieves leads from Apollo, processes and filters them using Google Sheets, then drafts personalized emails via OpenAI. Scheduled emails manage outreach.",2025/07/24,https://drive.google.com/file/d/198XfXrIkvqtvd-59_oZZzO5NIbjDDLWm/view?usp=drivesdk,https://www.youtube.com/watch?v=ZD2DlnuqCrA,4,Skool,Mahmut Kasimoglu
Human-in-the-Loop Sales Automation,"This workflow automates sales outreach by capturing leads from Airtable, generating personalized emails with AI, refining them via human feedback through Gmail, and structuring output for optimized content generation using Claude 3.5.",2025/07/24,https://drive.google.com/file/d/1vdVhAwFq50jUyYZdc_ywduRRKn9F4BxQ/view?usp=drivesdk,https://www.youtube.com/watch?v=FcAAlOw6KZ8,4,Skool,Nate Herk
Multi-Agent Workflow Automation,"This workflow uses a supervisor agent to delegate tasks to specialized sub-agents for email, contact, calendar, and context management, improving efficiency and debugging.  Input tasks are received by the supervisor, processed by sub-agents, and output as completed actions.",2025/07/24,https://drive.google.com/file/d/1TMNsQPbtoBrS5rQqeIfF5q8e9q4KnNKq/view?usp=drivesdk,https://www.youtube.com/watch?v=Ah-1-Lda4DU,4,Skool,Mahmut Kasimoglu
AI Competitor Price Tracker,"Workflow scrapes competitor product prices using HTTP requests and AI, updates a Google Sheet, visualizes data in Looker Studio, and sends Slack notifications upon price changes.",2025/07/24,https://drive.google.com/file/d/1czKiLl6jwd6dXGeChqxRIgnNBsD4KNOZ/view?usp=drivesdk,https://www.youtube.com/watch?v=KFB6BBcbIjg,4,Circle,Ben AI
AI Stock Analysis Bot,Telegram bot receives stock ticker requests → transcribes audio/text using OpenAI Whisper → GPT-4 performs technical analysis & generates charts via ChartImg API → delivers analysis/charts to user & saves for automated reporting.,2025/07/24,https://drive.google.com/file/d/1lLYL4Wu1q9KtLg9SUbKOF9wI-POXs8EY/view?usp=drivesdk,https://www.youtube.com/watch?v=94vh6hSiP9s,4,Skool,5minAI
AI Image Generation and Storage,This workflow uses OpenAI's image generation API to create images from text or enhance existing images. It converts the generated images into files and stores them in Google Drive.,2025/07/24,https://drive.google.com/file/d/11QXpTSmPZzfONzmjUoFV5TyK-BBmFLgU/view?usp=drivesdk,https://www.youtube.com/watch?v=SAUxo5fcLMs,4,Gumroad,MagicOps AI
Automated Web Scraping System,"This workflow automates web scraping using Apify and n8n. It takes a website URL as input, scrapes data like phone numbers and emails, filters and aggregates the results, and outputs the structured data into a Google Sheet.",2025/07/24,https://drive.google.com/file/d/18fzu5XEWAVOszSqNoZFPBAHsCtVK2_af/view?usp=drivesdk,https://www.youtube.com/watch?v=PxQwzoPmP3M,4,Gumroad,Jono Catliff
Parallel Processing Subworkflows,Takes a large dataset as input → splits it into smaller chunks and processes each chunk concurrently using subworkflows → outputs the processed data much faster.,2025/07/24,https://drive.google.com/file/d/1Jae-I4XhiuEaxGC8Rycu8tJzmLQthZ7v/view?usp=drivesdk,https://www.youtube.com/watch?v=qNW9KaLe1nY,4,Skool,Nate Herk
Agentic RAG Workflow,"Takes various data sources (Google Drive files, SQL databases) as input → Processes them using dynamic vector and SQL lookups with OpenAI embeddings → Outputs comprehensive, source-cited information retrieval and data analysis results.",2025/07/24,https://drive.google.com/file/d/1OySSnBMwKc7TdGcqjgEAVgHfvZJe7qE5/view?usp=drivesdk,https://www.youtube.com/watch?v=mQt1hOjBH9o,5,GitHub,Cole Medin
Automated LinkedIn Lead Outreach,"This workflow automates LinkedIn outreach. It takes Apollo leads as input, enriches them with AI-powered personalization using OpenAI, and sends targeted connection requests via PhantomBuster, logging data in Google Sheets.",2025/07/24,https://drive.google.com/file/d/1jqEhOGzb-S1FgXVV-yS2CARK26To-eOJ/view?usp=drivesdk,https://www.youtube.com/watch?v=gsPGdq2C97c,4,Gumroad,Nick Saraev
Automated Twitter Data Extraction,"This workflow automates the extraction of Twitter/X data using the Twitter API. It takes search parameters as input, processes the data through a loop with dynamic pagination, and outputs the extracted tweets (IDs, URLs, content, likes, views, dates) into a Google Sheet.",2025/07/24,https://drive.google.com/file/d/1fPTYj0OSHGvVOP2LQTdqA6l3GSms2wib/view?usp=drivesdk,https://www.youtube.com/watch?v=lEo7IAgj0UY,4,Skool,Nate Herk
AI-Powered Cold Email Automation,"Takes lead data from Apollo and enriches it using Apify scraping. Processes this data with OpenAI's GPT-4.1 to generate personalized icebreakers for 1000+ cold emails and sends them via Instantly, managing data through Google Sheets.",2025/07/25,https://drive.google.com/file/d/1rzf2R0u4QYHBkE5u7nH29PROQgEQYYVu/view?usp=drivesdk,https://www.youtube.com/watch?v=oAWe5wFwHlo,4,Gumroad,Nick Saraev
AI Workflow Demo,"This n8n workflow demonstrates two AI-powered automation systems: an email labeling system (Gmail, LLM classification, labeling, notifications) and a complaint ticket processing system (Google Sheets, email notifications).",2025/07/24,https://drive.google.com/file/d/19GstsGXwl3vX2tSTfU1Q_z7CXis89qoz/view?usp=drivesdk,https://www.youtube.com/watch?v=nQbd56j_dZ0,4,Skool,Mahmut Kasimoglu
AI-Powered CV Processing,"This workflow automates CV screening by fetching resumes from Gmail, extracting text from attachments (PDFs, DOCs), and using OpenAI to match candidate data with Airtable job listings, providing a ranked candidate list based on custom criteria.",2025/07/24,https://drive.google.com/file/d/1S-Su9_tQP1yFnNgldz-KAw3vMF-uIxgy/view?usp=drivesdk,https://www.youtube.com/watch?v=iNjFF4RzoVg,4,Skool,5minAI
AI Viral LinkedIn Post Generator,"Workflow scrapes competitor LinkedIn profiles, extracts multimedia content, and uses AI (OpenAI, Perplexity) to rewrite viral posts. Includes Telegram agent for voice-to-text post generation and Airtable integration.",2025/07/24,https://drive.google.com/file/d/1raTYt5u6mP-yXCfDYgFQtRIGRoXzv-yG/view?usp=drivesdk,https://www.youtube.com/watch?v=GmlQZ8MG7HY,4,Youtube,Oleg Melnikov
Automated Lead Nurturing,"This workflow takes new Google Form submissions as input, processes them using JavaScript and OpenAI's GPT-4 to generate personalized emails, updates lead status and tags in Google Sheets, and sends Slack notifications.",2025/07/24,https://drive.google.com/file/d/1kcOi0TAT-MXEMgJgzIKAE3K-m9Y1eF_Q/view?usp=drivesdk,https://www.youtube.com/watch?v=fWtXJswvUcA,4,Skool,Nate Herk
AI-Powered Meta Ad Automation,"This workflow automates meta ad campaigns from product research to performance tracking. It takes product details as input, uses AI to generate ad angles and scripts, deploys ads via the Facebook Graph API, tracks performance, and optimizes ROI. The output is a fully managed and optimized ad campaign.",2025/07/24,https://drive.google.com/file/d/1u5F-1weLTj25Ajqu114HLCZVV62iVRib/view?usp=drivesdk,https://www.youtube.com/watch?v=Rm3ObJXsuOI,5,Circle,Ben AI
AI Customer Support Agent,Takes customer queries as input → processes them using GPT-4 and a Google Sheets database with order details → outputs automated support responses and updates order status (refunds/cancellations).,2025/07/24,https://drive.google.com/file/d/1C9nP3bS72ABwY3t1i9WJ36eLivGaQDVS/view?usp=drivesdk,https://www.youtube.com/watch?v=Soa8o82q5qY,3,Skool,Mahmut Kasimoglu
AI-Powered File Chatbot,"Workflow ingests files from Google Drive and Supabase, processes and vectorizes them using YamaParse, and enables AI-powered chat interactions with file content via OpenAI.",2025/07/24,https://drive.google.com/file/d/1N82U4wC0Ad11p4tx0y0mBNS3GXwf7qjI/view?usp=drivesdk,https://www.youtube.com/watch?v=NB6LhvObiL4,4,Skool,5minAI
Automated Instagram Growth System,"Scrapes Instagram Reels using Apify, transcribes them with OpenAI Whisper, filters and tailors content using GPT and Perplexity AI, and manages data in Google Sheets for automated social media growth.",2025/07/24,https://drive.google.com/file/d/1oe6wc6l_f0RWB8NsTnDQmJ_Gi-kATUJ_/view?usp=drivesdk,https://www.youtube.com/watch?v=9zBtU1mwOR4,4,Gumroad,Nick Saraev
Multi-Agent Orchestrator,"Workflow takes complex tasks as input → breaks them down into sub-tasks handled by specialized agents (email, contacts, calendar, content) → outputs completed task via integrated services like Gmail, Airtable, and chosen language models (GPT-4.1 mini, Flash).",2025/07/24,https://drive.google.com/file/d/1f93z80VSghfYTTRQyR4GdV1mvrNySwF_/view?usp=drivesdk,https://www.youtube.com/watch?v=0iUNOmeU7O4,4,Skool,Nate Herk
AI Proposal Generator,Takes form data and uses OpenAI to generate customized proposals from a Google Slides template. Distributes via Gmail and enhances with Pandadoc.,2025/07/24,https://drive.google.com/file/d/1D4DpjliW6aUBsSqpXXXHvLbGw9-gg2mi/view?usp=drivesdk,https://www.youtube.com/watch?v=viN9gX030T4,4,Gumroad,Nick Saraev
Automated Workflow Tutorial,"This tutorial demonstrates building automated workflows in n8n, triggered by events like form submissions or API calls, which then perform actions such as sending personalized emails, generating content with OpenAI, and updating CRM records.",2025/07/24,https://drive.google.com/file/d/1YvEZqdub73KBP59nGoEGr6JBsrxUDunf/view?usp=drivesdk,https://www.youtube.com/watch?v=r6uX3btBgvw,4,Gumroad,Nick Saraev
AI-Powered Airtable Automation,"This workflow uses an AI agent to enhance Airtable functionality. It takes natural language queries as input, processes them via OpenAI to generate code for Airtable operations (data queries, math, filtering), and outputs results and Mapbox visualizations.",2025/07/24,https://drive.google.com/file/d/1qnMZwUoPfLckLRLpASyJ_h30qzG6kQWi/view?usp=drivesdk,https://www.youtube.com/watch?v=SotqsAZEhdc,4,Skool,5minAI
AI Social Media Automation,"This workflow takes Hacker News articles as input, uses ChatGPT to generate a video script, creates an AI avatar video with HeyGen (optionally integrating 11 Labs voice and Blotato background video), and then publishes it across multiple social media platforms (Instagram, YouTube, Facebook, Threads, LinkedIn, Twitter, TikTok).",2025/07/24,https://drive.google.com/file/d/1I9Gs0h6uOkv63r59H9BdQ75wQ-TQv_F6/view?usp=drivesdk,https://www.youtube.com/watch?v=8sPYxqU1SoQ,5,Sabrina.dev,Sabrina Ramonov 🍄
Automated RAG Document System,"Workflow monitors Google Drive for new files, converts them to text, extracts metadata, and uploads to a Supabase vector database for AI agent retrieval.",2025/07/24,https://drive.google.com/file/d/19s-SAwhk0A5UH1IqHglEpvy4elW60bue/view?usp=drivesdk,https://www.youtube.com/watch?v=Kvf-Pr1LRe4,4,Skool,Nate Herk
AI Multi-Platform Content,"Workflow takes research topics from Google Sheets, uses Tavali API for real-time news retrieval, then generates targeted content for LinkedIn, X, and blogs via specialized AI agents.",2025/07/24,https://drive.google.com/file/d/1f8NEv0kTRgKOY8zO6IWJ-A_CISlP2v8l/view?usp=drivesdk,https://www.youtube.com/watch?v=u2Tuu02r7QI,4,Skool,Nate Herk
No-Code Web Scraping Automation,"This workflow uses Apify actors and n8n to scrape data from websites like TikTok and Google Maps. It triggers Apify actors via HTTP, waits for data retrieval, and polls for results.",2025/07/24,https://drive.google.com/file/d/1z0-FC4tgS6wtVHZDeVLq8g2cL3ry5I-V/view?usp=drivesdk,https://www.youtube.com/watch?v=gZ_RLC25gCw,4,Skool,Nate Herk
AI Agent with Long-Term Memory,"This workflow uses n8n and Zep to build an AI agent with enhanced memory. It takes user input via Telegram, retrieves data from PostgreSQL and a Zep knowledge graph, processes this information to provide context-aware responses, and outputs interactions back to Telegram.",2025/07/24,https://drive.google.com/file/d/1qQZS-pxGIA7fzvlXVk_gh4wsE1N2Tr04/view?usp=drivesdk,https://www.youtube.com/watch?v=kNsX2qu8jHY,4,Skool,Nate Herk
AI Excuse Generator,"Takes user input from a Lovable web app → generates creative excuses using OpenAI's chat model → returns the AI-generated excuse to the app, enhanced with dynamic level system and tone selection.",2025/07/24,https://drive.google.com/file/d/1CSK8YDXwA_THabCtb_4zWeEra4QWvsI9/view?usp=drivesdk,https://www.youtube.com/watch?v=kUpTUEwKnrk,3,Skool,Nate Herk
Local AI Agent with Supabase,"Workflow automates local AI agent setup using n8n, Docker, Supabase database and vector store, Ollama, and Flowise. Input: User configuration and agent parameters. Process: Orchestrates containers, configures environments, sets up Supabase. Output: Fully functional local AI agent.",2025/08/01,https://drive.google.com/file/d/103HVUfEsmwaQTtR6x9EE4rU38rMYNuJm/view?usp=drivesdk,https://www.youtube.com/watch?v=pOsO40HSbOo,4,GitHub,Cole Medin
LinkedIn Viral Post Leads,"This workflow scrapes comments from viral LinkedIn posts, enriches commenter data using API lookups and LLM-based intent analysis, and outputs qualified leads to Airtable for personalized outreach.",2025/08/01,https://drive.google.com/file/d/1VZ52m9sMIW_R0CMHvcRIV6fiNkY-xbO7/view?usp=drivesdk,https://www.youtube.com/watch?v=JftnNwvagKA,4,Gumroad,MagicOps AI
Mistral OCR Document Processing,"Workflow uploads a document (PDF or image), extracts text using Mistral OCR via HTTP requests, and outputs structured data for further processing or AI integration.",2025/08/01,https://drive.google.com/file/d/11pgGKEbRdZJ1UBD7F66uqvqMbHj7LpcT/view?usp=drivesdk,https://www.youtube.com/watch?v=85qo6qC4r-0,4,Skool,Nate Herk
Automated Invoice & Expense Tracking,"Receipts uploaded via form are processed using Gemini AI for metadata extraction and stored in Google Drive.  The workflow splits files, analyzes them, updates a Google Sheet, and sends Slack notifications.",2025/08/01,https://drive.google.com/file/d/13jWdSMXa706My3tk7AMiFwtNh8O2rmQD/view?usp=drivesdk,https://www.youtube.com/watch?v=j9_gps_ZZNU,4,Gumroad,MagicOps AI
Viral Reel Replication,"This workflow scrapes trending Instagram reels, analyzes them using Gemini, and generates insights via OpenAI on recreating key elements.  Input: Viral Reel URL. Process: Data scraping, analysis, content generation. Output: Reproduction guidelines.",2025/08/01,https://drive.google.com/file/d/1UxSAvlFkHKxHK6apjPYiUYHELN71jMfd/view?usp=drivesdk,https://www.youtube.com/watch?v=SQPPM0KLsrM,4,Skool,5minAI
AI Faceless YouTube Automation,"Takes video ideas from Google Sheets → Uses AI to generate script, images, audio, and captions, and merges them into a video → Outputs a finished video ready for YouTube upload.",2025/08/01,https://drive.google.com/file/d/1wlUKsy6nLyYqjZabmSsZDmBYY2Ek1Wkb/view?usp=drivesdk,https://www.youtube.com/watch?v=MjZSsasHSq8,4,Gumroad,Jono Catliff
AI Product Video Generator,"Takes product photo, title, and description via form submission → generates AI image and video using OpenRouter, OpenAI, ImageBB, and RunwayML → delivers final video via email.",2025/08/01,https://drive.google.com/file/d/19iC6OzTbLAhM2Flee9A8ZLozbZrLv50A/view?usp=drivesdk,https://www.youtube.com/watch?v=qV7xOEKEBDA,4,Skool,Nate Herk
TikTok Trend Analyzer,"This workflow scrapes trending TikTok videos using Apify, analyzes them with Google Gemini AI to extract key metrics (hooks, visuals, views, captions), and stores the data in Airtable for viral content strategy.",2025/08/01,https://drive.google.com/file/d/1aF60SqizqGpqkzXOcW0ibfKd9JRIZYvk/view?usp=drivesdk,https://www.youtube.com/watch?v=IWUy79cSp60,4,Gumroad,MagicOps AI
Website to LLM Data,Takes a website URL as input → Crawls and extracts data using Firecrawl and custom prompts → Outputs LLM-ready data in JSON format.,2025/08/01,https://drive.google.com/file/d/1oP0UeN_TKPyorPrFj5d65XV1lJr0SZVy/view?usp=drivesdk,https://www.youtube.com/watch?v=Ee9WtEEd300,4,Skool,Nate Herk
Gemini Media Analyzer,"This workflow automates media analysis. It takes videos, images, or PDFs as input, processes them using the Gemini API via HTTP requests and dynamic JSON handling, and outputs structured data like format and topic.",2025/08/01,https://drive.google.com/file/d/1MOupUtZyl5lBWU9He7zYa0cu1ueoZIsg/view?usp=drivesdk,https://www.youtube.com/watch?v=OWJKGkPEGSw,4,Gumroad,MagicOps AI
AI Video Analysis Workflow,"This workflow automates video analysis by uploading videos from Google Drive, sending them to Gemini AI for emotional and facial analysis via the Jimini API, and storing the AI's ratings and comments in Airtable.",2025/08/01,https://drive.google.com/file/d/1tXohYR_KKzpcakFWPMX_hOVerknXJ15S/view?usp=drivesdk,https://www.youtube.com/watch?v=zehXwwnH8d0,4,Skool,5minAI
Vector Database Optimization,"Workflow automates vector database operations, including data insertion into Pinecone, metadata handling, and implementing text splitting techniques (recursive, token, and character) for optimized Retrieval-Augmented Generation (RAG) embeddings.",2025/08/01,https://drive.google.com/file/d/1vX8n7kVAyZ-GrAuXyvJ5I-GonATGKqXT/view?usp=drivesdk,https://www.youtube.com/watch?v=VBw5PEV-zKw,4,Skool,Nate Herk
AI Clone Video Automation,"This workflow automates the creation of personalized AI clone videos. It takes scripted text as input, uses HeyGen's API to generate videos with chosen avatars and voices, and outputs the finished video link after automated status checks and error handling.",2025/08/01,https://drive.google.com/file/d/1JzQD5r7r-ks5wfVkdtH_DWBkjqQWhC4e/view?usp=drivesdk,https://www.youtube.com/watch?v=llm60n03x3c,4,Skool,Nate Herk
Automated No-Show Reduction,"This workflow takes meeting details as input, enriches them with web and LinkedIn data via scraping and AI summarization, and automates SMS reminders, email approvals, and CRM updates to minimize no-shows. It outputs updated CRM records and notification statuses.",2025/08/01,https://drive.google.com/file/d/1NY8o7vcX6ui78b07VLxUbgixQ-2C7qcU/view?usp=drivesdk,https://www.youtube.com/watch?v=1kZzPslvbXg,4,GitHub,Rory Ridgers
DeepSeek R1 Agent Workflow,"This workflow uses DeepSeek R1 as a planning agent to interpret user commands and generate detailed execution steps. It then employs a tools agent to perform actions like sending emails or creating calendar events via APIs, offering a direct integration with DeepSeek without relying on OpenRouter.",2025/08/01,https://drive.google.com/file/d/1hg1xXMaqf5At7F3qPOp2D9qmkKEv2QKd/view?usp=drivesdk,https://www.youtube.com/watch?v=tjaD65OCoE8,4,Skool,Nate Herk
AI Cold Call Automation,"Takes company names as input → finds decision-makers and phone numbers using Ghost Genius API, generates personalized call scripts with OpenAI → outputs contact details and scripts to Google Sheets.",2025/08/15,https://www.reddit.com/r/n8n/comments/1mp7vhg/aipowered_cold_call_machine_free_template/,,4,Reddit,perceval_38
AI Hotel Concierge Chatbot,"Workflow scrapes hotel website data, builds a knowledge base, and uses an AI agent to answer customer questions via WhatsApp.",2025/08/17,https://www.reddit.com/r/n8n/comments/1mr2vyq/i_built_a_whatsapp_chatbot_and_ai_agent_for/,,4,Reddit,dudeson55
Database Chatbot,Takes natural language questions as input → translates to SQL queries → executes on Postgres database → returns results in user-friendly format.,2025/08/17,https://www.reddit.com/r/n8n/comments/1mhc3ev/i_generated_a_workflow_to_chat_with_your_database/,,4,Reddit,Weak_Birthday2735
AI Agent Army,"Workflow takes natural language commands via Telegram, processes them using multiple specialized AI agents within n8n to perform tasks like email management, scheduling, finance tracking, travel planning, research, and content creation, then outputs results back to Telegram.",2025/08/20,https://www.reddit.com/r/n8n/comments/1mugdof/i_built_an_ai_agent_army_in_n8n_that_completely/,,5,Reddit,LargePay1357
Calorie Tracker from Image,Takes food images as input → Processes them using Google Vision API → Outputs calorie information.,2025/08/28,https://www.reddit.com/r/n8n/comments/1mthwbv/built_myself_an_automation_that_tracks_calories/,,3,Reddit,Odd-Pension-5078
Personalized News Digest,"Workflow gathers news from multiple RSS feeds, filters by user-specified keywords, enriches content with relevant cybersecurity information and exploits, and delivers a formatted summary via email.",2025/08/28,https://www.reddit.com/r/n8n/comments/1myud73/this_has_been_my_most_useful_workflow_yet_heres/,,4,Reddit,ekaa_
AI-Powered Workflow Builder,"Takes a user prompt as input → builds an n8n workflow using AI → outputs a functional workflow that monitors Reddit for mentions, performs sentiment analysis, and sends alerts to Slack.",2025/08/29,https://www.reddit.com/r/n8n/comments/1mypmxl/how_i_vibebuild_n8n_workflows_with_our_cursor_for/,,4,Reddit,Weak_Birthday2735
AI Workflow Generator,Takes natural language instructions as input → generates n8n workflows → outputs functional workflows on the n8n canvas.  Includes error identification and explanation.,2025/08/31,https://www.reddit.com/r/n8n/comments/1n2dsup/n8n_workflow_generator/,,5,Reddit,mrcsvlk
AI UGC Ad Generator,"Takes product details and marketing copy as input, uses Google Veo 3 to generate short video ads, and outputs the finished video files.",2025/09/01,https://www.reddit.com/r/n8n/comments/1n36rea/nano_banana_veo3fast_ai_ugc_ads_for_less_than_1/,,4,Reddit,LargePay1357
Automated Twitter Reply Bot,"Workflow monitors Twitter for specific keywords or community posts, uses AI to generate relevant replies, filters low-quality content, and automatically posts responses while preventing duplicates.  It takes keywords, community IDs, and API keys as input, processes tweets through scraping, AI generation, and filtering, and outputs posted replies and Telegram notifications.",2025/09/13,https://www.reddit.com/r/n8n/comments/1ne4iqy/never_stop_posting_on_x_source_code_included/,,4,Reddit,max1302
AI Virtual Try-On Integration,"Takes customer photos and clothing items as input, processes them using AI to generate virtual try-on images, and outputs the personalized visualization to the e-commerce store.",2025/09/14,https://www.reddit.com/r/n8n/comments/1myo42e/this_n8n_workflow_made_me_close_multiple_clients/,,4,Reddit,Odd-Pension-5078
AI Telegram Productivity Assistant,"Takes natural language commands via Telegram voice or text input → processes them using AI to manage emails, calendar, tasks, and expenses → returns results to Telegram chat.",2025/09/15,https://www.reddit.com/r/n8n/comments/1nf7z8b/built_a_telegram_ai_assistant_voicesupported_that/,,4,Reddit,jiteshdugar
AI Competitor Ad Cloning,"Workflow scrapes competitor Facebook/IG ads using Apify, rewrites them with Gemini to feature user's product, and generates new ad creatives with Nano Banana. Input: Competitor Ad Library URL and user's product image. Output: New ad creatives uploaded to Google Drive.",2025/09/15,https://www.reddit.com/r/n8n/comments/1nbtaj4/i_built_a_facebook_ig_ad_cloning_system_that/,,4,Reddit,dudeson55
Automated Lead Gen System,"Workflow scrapes lawyer directory websites, extracts attorney profiles, qualifies leads based on criteria, and drafts personalized cold emails, saving all data to a Google Sheet.",2025/09/20,https://www.reddit.com/r/n8n/comments/1nl62gp/how_i_built_sold_my_first_1800_ai_automation_to_a/,,4,Reddit,dudeson55